"V1","V2","V3","V4","V5","V6","V7","V8","V9","V10","V11","V12","V13","V14","V15","V16","V17","V18","V19","V20","V21","V22","V23","V24","V25","V26","V27","V28","V29","V30","V31","V32","V33","V34","V35","V36","V37","V38","V39","V40","V41","V42","V43","V44","V45","V46","V47","V48","V49","V50","V51","V52","V53","V54","V55","V56","V57","V58","V59","V60","V61","V62","V63","V64","V65","V66","V67","V68","V69","V70","V71","V72","V73","V74","V75","V76","V77","V78","V79","V80","V81","V82","V83","V84","V85","V86","V87","V88","V89","V90","V91","V92","V93","V94","V95","V96","V97","V98","V99","V100"
0.00012340980408668,0.00012340980408668,0.00012340980408668,0.00012340980408668,0.00012340980408668,0.00012340980408668,0.00012340980408668,0.00012340980408668,0.00012340980408668,0.00012340980408668,0.00012340980408668,0.00012340980408668,0.00012340980408668,0.00012340980408668,0.00012340980408668,0.00012340980408668,0.00012340980408668,0.00012340980408668,0.00012340980408668,0.00012340980408668,0.00012340980408668,0.00012340980408668,0.00012340980408668,0.00012340980408668,0.00012340980408668,0.00012340980408668,0.00012340980408668,0.00012340980408668,0.00012340980408668,0.00012340980408668,0.00012340980408668,0.00012340980408668,0.00012340980408668,0.00012340980408668,0.00012340980408668,0.00012340980408668,0.00012340980408668,0.00012340980408668,0.00012340980408668,0.00012340980408668,0.00012340980408668,0.00012340980408668,0.00012340980408668,0.00012340980408668,0.00012340980408668,0.00012340980408668,0.00012340980408668,0.00012340980408668,0.00012340980408668,0.00012340980408668,0.00012340980408668,0.00012340980408668,0.00012340980408668,0.00012340980408668,0.00012340980408668,0.00012340980408668,0.00012340980408668,0.00012340980408668,0.00012340980408668,0.00012340980408668,0.00012340980408668,0.00012340980408668,0.00012340980408668,0.00012340980408668,0.00012340980408668,0.00012340980408668,0.00012340980408668,0.00012340980408668,0.00012340980408668,0.00012340980408668,0.00012340980408668,0.00012340980408668,0.00012340980408668,0.00012340980408668,0.00012340980408668,0.00012340980408668,0.00012340980408668,0.00012340980408668,0.00012340980408668,0.00012340980408668,0.00012340980408668,0.00012340980408668,0.00012340980408668,0.00012340980408668,0.00012340980408668,0.00012340980408668,0.00012340980408668,0.00012340980408668,0.00012340980408668,0.00012340980408668,0.00012340980408668,0.00012340980408668,0.00012340980408668,0.00012340980408668,0.00012340980408668,0.00012340980408668,0.00012340980408668,0.00012340980408668,0.00012340980408668,0.00012340980408668
0.000145046048122191,0.000140862740724513,0.000134758930283709,0.000135272869549068,0.000137696667735419,0.000140038245027169,0.000138939470967462,0.000134145931992084,0.000142137942316692,0.000138513025944497,0.000140101090386719,0.000139110872712996,0.000136208833207485,0.000135615805455375,0.000137379278792911,0.000134556225285709,0.000136214757000598,0.000138066427041942,0.000137400120840812,0.000133280088072873,0.000141586556754617,0.000138936962473634,0.000134650791855482,0.000137973060940648,0.000134499747952519,0.000142480332446272,0.000136583621544876,0.000137506403605531,0.000136923893344287,0.000143959091219899,0.000138477391783119,0.000136361398993213,0.000134665465937179,0.000136575596546732,0.000138492041630513,0.000136501860139259,0.000134717037093945,0.000132899032193088,0.000139314611989852,0.000135781704792815,0.000136135128148246,0.000136152487524985,0.000138250596102988,0.000138723505754075,0.00013882408320938,0.000137176355189716,0.000136641332916732,0.000135402030614504,0.000136556394356278,0.00013387771374822,0.0001379653705224,0.000139219923209876,0.000135276842684057,0.000141611702518378,0.000142067043057106,0.000135163908654787,0.000135919567000367,0.000134865292156444,0.000139664846501481,0.000139719144917769,0.000141997708611915,0.000140489334119433,0.00013214834351715,0.000139203756160139,0.000144536441921165,0.000144969566968168,0.000137218526283609,0.000138844080412456,0.000141345683083161,0.000139800314751779,0.000143451531930058,0.000135063740281021,0.000139476871307964,0.000137263899697614,0.000134354790454495,0.00013767423264588,0.000137341083939236,0.000136429977822522,0.000139013221419464,0.000137629951222206,0.000143790291913515,0.000139264823080299,0.000134659667832441,0.000135130052050238,0.000141594615402855,0.000138323345913433,0.000136742148543496,0.000141555384145561,0.000136347458668386,0.000140210937248316,0.000133295249522816,0.000139952666188643,0.000138080190098558,0.000135502852738845,0.000131983482670776,0.000135718749050733,0.00014127768291639,0.000141620246575688,0.00013877211676728,0.000141501717210344
0.000204456166957713,0.000190944191279012,0.000172170783555189,0.000173708750796058,0.000181067666066508,0.000188343278820929,0.000184908816193158,0.000170346604154324,0.000195007112862116,0.000183585597992679,0.000188540809501499,0.000185442191319025,0.000176529745686074,0.000174739342964579,0.000180094094800109,0.000171566337702538,0.000176547682809392,0.00018220566799411,0.000180157934424104,0.000167788915671811,0.000193244337910336,0.000184901016680917,0.000171848174368809,0.000181917931840433,0.000171398144542481,0.000196106341274322,0.00017766665101908,0.000180483682012601,0.000178702468959664,0.000200894476560778,0.000183475274615401,0.000176992044074922,0.000171891931237385,0.000177642263767844,0.00018352062595693,0.000177418275044349,0.000172045762607884,0.000166670291539603,0.000186077339046301,0.00017523915600659,0.000176306655454233,0.000176359184232557,0.000182774003895698,0.00018423801742932,0.000184550242559872,0.000179473211871935,0.000177842087115645,0.000174096496759827,0.000177583917801687,0.000169551925563525,0.000181894243062022,0.000185781996677484,0.000173720670912743,0.000193324529494019,0.000194779935505819,0.000173382030924786,0.000175655121538914,0.000172488430389499,0.000187172082878941,0.00018734213482223,0.000194557918644471,0.000189763733867464,0.00016447908763582,0.000185731597089962,0.000202781854936952,0.000204204385703537,0.0001796021413162,0.000184612356421381,0.000192477139106741,0.000187596507479427,0.000199243581451385,0.000173081985812414,0.000186584063669829,0.000179740920340367,0.000170966883538381,0.000180998749176745,0.000179977136760583,0.000177200074065836,0.000185138208231804,0.000180862767993557,0.000200344572539177,0.00018592200974478,0.00017187464101877,0.000173280583336882,0.000193270035426101,0.000182998784908752,0.000178148792950342,0.000193144952716266,0.000176949773982839,0.000188886356118887,0.000167833512031535,0.000188074484448211,0.000182248105053943,0.000174399511948579,0.000164000091449938,0.000175049390026182,0.000192260869924451,0.00019335178141661,0.00018438888406706,0.000192973919125377
0.00032867686920011,0.000293175662348742,0.000246596410180666,0.000250290023958763,0.000268267189574361,0.000286530127819605,0.000277848870160694,0.000242244078509789,0.000303678893103615,0.000274532875791063,0.000287032684362206,0.000279190032888407,0.000257122211170639,0.000252777448811904,0.000265860133805952,0.000245150806208605,0.000257165889555825,0.000271091823219883,0.00026601770362283,0.00023619422045809,0.000299103627224741,0.00027782927767369,0.000245824427055556,0.000270376510798009,0.000244749159890317,0.000306546042658481,0.000259896559954772,0.000266822302163025,0.000262434634608744,0.000319160992111306,0.000274257127465946,0.000258248897634329,0.000245929077420544,0.000259836923103825,0.000274370467627918,0.000259289435886086,0.00024629712763297,0.000233567625407061,0.000280790484384738,0.000253987348566308,0.000256579217084078,0.000256707028835652,0.000272506937463015,0.000276165844230595,0.000276948702100856,0.000264329619699815,0.000260325735367181,0.000251224723006093,0.000259694265559086,0.000240357794559912,0.000270317654305353,0.000280045820520605,0.00025031873768919,0.000299311157507915,0.000303087690330081,0.000249503521395884,0.000254996047518015,0.000247357468744672,0.000283557652106531,0.000283988467938514,0.000302510364518936,0.000290151913786598,0.000228456816044018,0.000279918824493465,0.000324189567334825,0.000328000490568401,0.000264647146464015,0.000277104549512833,0.00029712109476285,0.000284633395472029,0.000314788419194468,0.000248782108588769,0.000282069969122341,0.000264989101880334,0.000243720515531804,0.00026809651294505,0.000265571553736014,0.000258756541730431,0.000278425354510164,0.000267759875787003,0.000317701820521489,0.000280398744536428,0.000245887723426575,0.000249259512189415,0.000299170124323866,0.000273067442293348,0.000261076723903632,0.000298846505472973,0.000258145797235732,0.00028791267307872,0.000236299179881709,0.000285846831104967,0.000271197386057308,0.000251956144590634,0.000227345653510061,0.00025352770780423,0.000296563187168314,0.000299381696770129,0.000276544008600981,0.00029840422854328
0.000572992870160907,0.000486303982417809,0.000379376845655326,0.000387558374033873,0.000428123310651174,0.000470562580955819,0.000450237570175263,0.000369804475398442,0.00051150060213793,0.000442546175341637,0.000471747496937659,0.000453359764238697,0.000402830579875745,0.000393097863087713,0.000422621225540787,0.000376189211805571,0.00040292878979508,0.000434607341950207,0.000422980740528123,0.000356622616851652,0.000500477398899651,0.000450192007848478,0.000377673567009554,0.000432962527965382,0.00037530500914735,0.000518445428178445,0.00040908302723278,0.000424817975543439,0.000414828493454761,0.000549335885574362,0.00044190839360929,0.000405366229833458,0.000377904328010382,0.000408948319091574,0.000442170505723012,0.000407712279936222,0.000378716242503247,0.00035094496957245,0.000457094124344703,0.000395800907915011,0.000401610275502394,0.000401897413773056,0.000437866868300737,0.000446328797365963,0.000448145673741217,0.000419133996756072,0.000410052848286791,0.000389637150269947,0.000408626137800922,0.000365678957169529,0.000432827275542552,0.000455355432377656,0.00038762218332744,0.000500975823772774,0.000510072123188297,0.000385811802278667,0.000398058736517389,0.000381058293431748,0.000463572663228091,0.00046458378039645,0.000508678343672594,0.00047912210531868,0.000339977034294696,0.000455059113990602,0.000561799522163632,0.000571301396311823,0.000419856751165546,0.000448507635361302,0.000495723548887836,0.000466098661613384,0.000538567382536845,0.000384211879069129,0.000460086238936091,0.000420635532163252,0.000373043383688486,0.000427732465128838,0.000421963034874111,0.000406510277045824,0.000451578809975192,0.000426961891206222,0.000545735144831581,0.000456179212982354,0.000377813134601681,0.000385270421910934,0.000500637088409667,0.000439159956058393,0.000411751554483685,0.000499860079028894,0.000405133998080287,0.000473824488166907,0.000356850070511059,0.000468952970303823,0.000434850236839626,0.000391266185587501,0.000337606464652933,0.00039477336008343,0.00049438824315663,0.000501145271962707,0.000447206171398748,0.000498798763412169
0.00103009429279605,0.00083117693895787,0.000600679835957922,0.000617679726575637,0.000703574883671467,0.000796162362160455,0.000751484364672147,0.000580932998553135,0.000887950460005868,0.000734737197540438,0.000798785654519848,0.000758307869670398,0.000649708382696552,0.000629252949045774,0.000691771339885268,0.000594086824103663,0.000649915575325088,0.000717545044097806,0.000692541164408764,0.000553997404309325,0.000863004166490001,0.00075138489654374,0.00059715479758541,0.000713995095277972,0.000592261059885484,0.000903752561750719,0.000662930038159562,0.00069647835490138,0.000675134634032672,0.000974823369587768,0.000733352497561373,0.00065506279874524,0.000597632085248916,0.000662644519393799,0.000733921499678619,0.000660026042893438,0.000599312097822688,0.000542489299051512,0.000766488276392488,0.000634918515609993,0.000647135215435693,0.000647740466703559,0.000724592196380312,0.00074296233460267,0.000746920699080863,0.000684314667937117,0.00066498646321809,0.000622016819331381,0.000661961762019609,0.000572470661748667,0.000713703368913749,0.000762676965026045,0.000617812749892459,0.000864128515956846,0.000884708287672987,0.000614041268003076,0.000639660057906503,0.000604164478533242,0.000780728846078249,0.000782956954261411,0.000881547565806117,0.000815157843092878,0.00052042078692054,0.000762027864769416,0.00100385331923336,0.00102611869864804,0.000685858555187649,0.000747709883347049,0.000852297769033023,0.000786297957425473,0.00094990435435037,0.0006107127562818,0.000773057614593274,0.000687523038144684,0.000587597126624268,0.000702734858844464,0.000690362487885646,0.000657482013993694,0.000754413843101387,0.000701079395234833,0.000966474125701741,0.000764482181129764,0.000597443457339411,0.000612914492834717,0.000863364357402494,0.000727392360586276,0.000668592038405053,0.000861612091099476,0.000654571975353701,0.000803388813546872,0.000554459616107346,0.000792602094245786,0.000718069627400015,0.000625420573098245,0.000515679491339803,0.000632763372635651,0.000849296127576244,0.000864510836579517,0.000744873220079347,0.000859220029311747
0.001818902772449,0.00139832173615273,0.000939162447600338,0.000971840334325185,0.00113997909275559,0.00132647494661701,0.00123583309297214,0.000901465668269344,0.0015162645713574,0.00120216503405522,0.00133183342478565,0.00124959970296039,0.00103395666495325,0.000994203556913218,0.00111658484851916,0.000926544805909333,0.00103436078456518,0.00116778202716721,0.00111810788931734,0.000850511356137133,0.00146422424369833,0.00123563262108615,0.000932412355705381,0.0011607053701273,0.000923056242156612,0.00154940087609948,0.00105980284043762,0.00112590329378917,0.00108376431210557,0.00170002744132264,0.00119938895693116,0.00104440951554315,0.000933325788466961,0.00105924346024738,0.00120052956197885,0.00105411595382955,0.000936542303630576,0.000828909644119443,0.00126614074992467,0.00100518525000172,0.00102894024604732,0.00103011978630453,0.00118185357870907,0.00121867924211779,0.00122664147842942,0.00110185220850499,0.00106383333372085,0.000980210028509503,0.00105790604201747,0.00088539874166138,0.00116012417954088,0.00125842917456765,0.000972096845349228,0.00146656252064841,0.0015094822331989,0.000964829074031223,0.0010143929002681,0.000945843973772025,0.0012950305618399,0.00129956153893914,0.00150287567679931,0.00136536547039285,0.000787775100879102,0.00125711668949285,0.00176228005353839,0.0018103031096947,0.00110489960979844,0.00122823005973039,0.00144199297914103,0.0013063610975424,0.00164692252195886,0.000958423278193749,0.00127945304403271,0.0011081867825872,0.000914155693443113,0.00113831124532301,0.0011137985293523,0.00104913862338528,0.001241739957674,0.00113502568202847,0.00168219985120972,0.00126208065802849,0.000932964772847028,0.000962659690697888,0.00146497324752171,0.0011874534586816,0.00107090687041244,0.00146133013692298,0.00104345052887689,0.00134124567631863,0.000851381098072273,0.00131920892155792,0.00116882843027981,0.000986787801155487,0.000778988249826484,0.00100100527285028,0.0014357714941413,0.00146735777815928,0.00122252179005146,0.00145635953493581
0.00309555496277361,0.00227450552800714,0.00142652042662559,0.00148486832243233,0.00179025004502791,0.00213814661948727,0.00196792887414057,0.00135964439683524,0.00250095399185717,0.00190524020858393,0.00214827357272394,0.00199364700958459,0.00159670589512353,0.00152499461845708,0.00174726650142488,0.00140408369843486,0.00159743736306247,0.00184153143828229,0.00175006019051814,0.00127001420719923,0.00240064904684895,0.00196755472464149,0.00141451089723199,0.00182845869210016,0.00139788956479496,0.002565133121735,0.00164358654588831,0.00176436941207132,0.00168722484870631,0.00285979252130829,0.00190008461102272,0.0016156416230514,0.0014161351724821,0.00164256982198737,0.00190220263990924,0.00163325442644569,0.00142185698784201,0.0012322910438355,0.00202461271677237,0.00154475620064479,0.00158763013483183,0.00158976348888086,0.00186756634276703,0.00193595181792214,0.00195078491920617,0.00172027661077862,0.00165091505768254,0.00149986764592467,0.0016401393183788,0.001331285625127,0.00182738566375154,0.00201016752675528,0.00148532768657643,0.00240514296169644,0.00248784736391612,0.00147232053578012,0.00156135405964381,0.0014384226014685,0.00207886265005162,0.00208739004531147,0.00247509016580283,0.0022118039003352,0.00116092742999578,0.00200771051607373,0.00298291483362003,0.00307840821652164,0.00172585432168313,0.00195374632369704,0.0023579848671474,0.00210019655585788,0.00275537277480587,0.00146087002986471,0.0020495846728583,0.00173187385844261,0.00138210443028973,0.00178718055224895,0.00174215729849445,0.00162421931678475,0.00197895779649839,0.00178113609264017,0.00282467480247073,0.00201700552990475,0.00141549317820226,0.0014684412444444,0.0024020884166947,0.00187794200958396,0.00166378817760328,0.00239508859718275,0.00161390301918193,0.00216607868927532,0.00127153652470693,0.00212442584946284,0.00184346562331087,0.00151167115153475,0.00114576509655955,0.00153722992096697,0.00234606534943134,0.0024066716414901,0.00194310814667939,0.00238554299816536
0.00511262658931924,0.00359957758587234,0.00211630028174812,0.00221512811929889,0.00274079107484886,0.00335492526717867,0.00305255981117735,0.00200371586915686,0.00401032739357217,0.00294209701334444,0.00337302227600281,0.00309801946156693,0.00240604816171539,0.002283406973148,0.00266599531216025,0.00207844524300809,0.00240730311869647,0.00283035151267157,0.00267084894309435,0.00185403056116692,0.00382772158002743,0.00305189906507231,0.0020960275746544,0.00280748739589467,0.00206800925294711,0.00412770193762076,0.0024866394906189,0.00269572594395409,0.00256194389207433,0.00467169483023008,0.00293303457273269,0.00243856116834048,0.00209876804575318,0.00248488825311376,0.00293675720396022,0.00246885012033746,0.00210842533694401,0.00179146221278515,0.00315286257900951,0.00231712524178704,0.00239048379344216,0.0023941412585002,0.00287595320192722,0.00299615160231604,0.00302230158935485,0.00261915985344981,0.00249926678614233,0.00224062140525138,0.00248070248521439,0.00195620346924346,0.00280561168206312,0.00312726424999414,0.00221590834038596,0.00383588050907023,0.00398640814260081,0.00219382890727341,0.0023454916329737,0.00213641510833643,0.00324922368645881,0.00326440235951674,0.0039631433485066,0.00348681965803332,0.00167382729461524,0.00312291271009079,0.00490135966040641,0.00508039655678372,0.0026288305448465,0.00302752569749709,0.00375036846681677,0.00328721394347433,0.00447798505490725,0.00217441419668981,0.00319717500831957,0.00263927213641016,0.00204144317867025,0.00273544152016083,0.00265712159209181,0.00245330664979007,0.00307204463628127,0.00272491087398306,0.0046064365263901,0.00313937871418564,0.00209768482335199,0.00218724908989664,0.00383033459847388,0.00289415142502325,0.00252146643165877,0.00381762923158868,0.00243557374161824,0.00340486890430039,0.00185656096577965,0.00333042500059081,0.0028337362986694,0.00226070784881608,0.00164896063303341,0.0023042764138817,0.00372879203176522,0.00383865638589826,0.00300876438632623,0.00380031131291527
0.00825800315133393,0.00558167674315189,0.00308511407810876,0.00324636486863722,0.00411742980582279,0.00515990781072364,0.00464359423125462,0.00290248393483203,0.00629722282478678,0.00445641885642278,0.00519098694503694,0.00472085471593587,0.00356022400213264,0.00335826286870939,0.00399220245176016,0.00302357790576275,0.00356229691997124,0.00426789981396091,0.00400031641317526,0.00266152302117826,0.00597800729460238,0.00464247224818364,0.00305214322665601,0.00422943258827475,0.00300663623105647,0.0065033058597577,0.00369359611131428,0.00404193090186006,0.00381867418525981,0.00746709031507866,0.00444109869219778,0.00361396885657979,0.00305659807799326,0.0036906925505436,0.00444739117974748,0.00366411232893857,0.00307230215052821,0.00256145999188392,0.00481423820458422,0.00341366605534694,0.00353452549332291,0.00354056263246528,0.00434472904855473,0.00454791225821785,0.00459224316099582,0.0039139948508666,0.0037145392607774,0.00328809798847235,0.00368375349003873,0.00282576466956326,0.00422627844745757,0.00477062723848434,0.0032476412843204,0.00599223287877173,0.00625531134331523,0.00321154031323268,0.00346034817222874,0.00311786447242251,0.00497877213829817,0.00500474150050748,0.00621457464368614,0.00538685908941797,0.00237443955489424,0.00476321779133754,0.00787801323092986,0.00819991342763503,0.00393013011028354,0.00460110471577375,0.00584331355637986,0.00504379648870776,0.0071223164162455,0.00317983116659394,0.00488982890985951,0.0039475593427802,0.00296355409879379,0.00410845994565149,0.00397737242777598,0.00363837106590481,0.00467669320197506,0.00409080865738684,0.00735075126144717,0.00479126106946107,0.00305483713389529,0.00320079013298921,0.00598256286626917,0.00437542890685107,0.00375138854538268,0.00596041555491713,0.0036090270681435,0.00524572620282673,0.00266557815160564,0.00511786302225926,0.00427359754983695,0.0033210189164992,0.00233509739936767,0.00339254275050392,0.00580580014998152,0.00599707358968104,0.00456928855463073,0.00593024169496234
0.0131455973004504,0.00854063908819176,0.00444623519205745,0.00470276273493251,0.00610952033527335,0.00783288131995228,0.00697444622419511,0.00415733124676274,0.00975360341075411,0.00666556456288596,0.00788484071184795,0.0071023135321671,0.00520571963948167,0.00488153878739477,0.00590525712082888,0.00434869241505715,0.00520905683781723,0.00635578757173282,0.00591847273793012,0.00377897289315216,0.00921066155589933,0.00697259089839385,0.00439394744921599,0.00629274535203261,0.00432187268039034,0.0101056111010358,0.005420831270236,0.00598629479333957,0.00562328042417911,0.0117663292314075,0.00664034006124304,0.00529230679925561,0.00440100898021604,0.00541613974697587,0.00665069951917341,0.00537320924231928,0.00442591030235449,0.00362285015165661,0.00725714671674574,0.00497027898261916,0.00516436384015087,0.00517407649704584,0.00648187095707446,0.00681638899048142,0.00688957796549202,0.00577801627091125,0.00545468186519247,0.00476936684788789,0.00540492924336351,0.00403650862600322,0.00628757873248675,0.00718480005386227,0.00470479855880849,0.00923479616954126,0.00968215600169323,0.00464725046842792,0.00504516358972957,0.0044982292184244,0.0075306854439546,0.00757394394296948,0.00961275758212752,0.00821302432949173,0.00333271856990515,0.00717251506852819,0.0124811867258996,0.0130438240403935,0.00580424688505332,0.00690421670466561,0.00898243418335909,0.00763904249946191,0.0111695968769189,0.00459675716951036,0.00738270143165329,0.00583259329334209,0.0042537398741395,0.00609486814710292,0.00588110972740365,0.00533166372961168,0.00702919943862491,0.00606604436093007,0.0115646526760443,0.00721902143251311,0.0043982175256475,0.0046301263322515,0.00921838974404952,0.00653231528823968,0.00551428843073405,0.00918082406565021,0.00528433973229422,0.00797643240086769,0.00378531254611819,0.00776263940865514,0.00636513022963867,0.00482196743758753,0.003271973077474,0.00493642815129668,0.00891896484304962,0.00924301006556663,0.00685167165561089,0.00912966666050844
0.0207829174015484,0.0129864500441539,0.00637340799048102,0.0067753840989651,0.00901279134988575,0.0118175211399454,0.0104125874841159,0.00592320834356843,0.0150098881912571,0.00991078300475319,0.0119030227343922,0.0106209125498271,0.00756919365476111,0.00705670536476313,0.00868473050598883,0.00622110228179779,0.00757448466804836,0.00940963103955745,0.0087059250600033,0.00533790681567655,0.0141011718807895,0.0104095672590277,0.00629172663710762,0.00930790904961969,0.00617927908088683,0.0156015043019471,0.00791086485261657,0.00881476183976906,0.00823354600663419,0.0184169050405804,0.00986989511654186,0.00770657330621306,0.00630275270831552,0.00790339984294396,0.00988668567968612,0.00783511732206369,0.00634164707162395,0.00509790368794789,0.0108736247836373,0.00719669493731224,0.00750365094873168,0.00751903979774863,0.00961334617900517,0.0101555534287044,0.0102745077672955,0.00848088851071756,0.00796474417102084,0.0068800810363415,0.0078855643965688,0.00573575627755366,0.00929957650297389,0.0107554823038929,0.00677858229414442,0.0141414650590085,0.0148900403639601,0.00668822501046305,0.00731500305026219,0.00645471664427831,0.0113212694824714,0.0113921978556968,0.0147737060581021,0.0124442287364722,0.00465439984446722,0.0107354315047558,0.0196402245174637,0.0206075362282992,0.00852287750038246,0.0102983139170471,0.0137206170083577,0.0114990050257714,0.0174008469688186,0.0066090277838165,0.0110789084999449,0.00856827265610738,0.00607313725378182,0.00898922550564129,0.00864601518603538,0.00776908460482654,0.0105017510929828,0.00894288172591554,0.0180729764956745,0.0108113526608728,0.00629839386215573,0.00666135755832063,0.0141140731947526,0.00969495071921875,0.00805969212404233,0.0140513708368566,0.00769392417709867,0.0120538649573103,0.00534767178796023,0.0117020163282955,0.00942471369866469,0.0069628589570919,0.00456197373308481,0.0071432676495743,0.0136149401213778,0.014155180480418,0.0102128841537526,0.0139660192888515
0.0327124055965716,0.019666799858163,0.00910419379898862,0.00972711400809162,0.0132459040319242,0.0177585365206607,0.0154855814802626,0.00841037434596544,0.0230029045458392,0.014679662762271,0.017897610005537,0.0158211068514045,0.0109660240946036,0.0101648815670108,0.0127249724039253,0.0088690046236569,0.0109743190025304,0.01387812928001,0.0127585793408613,0.00751484953798439,0.0214997863073003,0.0154807211735501,0.00897800407670855,0.0137158584366711,0.00880450377963659,0.0239855561428531,0.0115026376089486,0.0129312607895849,0.0120111778242115,0.0287021268912882,0.0146141403558793,0.0111815523812807,0.00899503046942739,0.011490892752738,0.0146410443640384,0.0113835047871884,0.00905511040961515,0.00714991628016584,0.0162288463901781,0.0103832591381258,0.0108633100457601,0.0108874198065772,0.0142035352444765,0.0150723659582367,0.0152634950464053,0.012402098275658,0.0115874340011626,0.00988986318265315,0.0114628355591235,0.00812274100305239,0.0137025724645336,0.0160381310091665,0.0097320824949331,0.021566271055387,0.0228042249005316,0.00959178428702602,0.0105680869251344,0.00922993965334356,0.0169530014164623,0.0170679605793851,0.0226114953492524,0.0187797951116127,0.00647930520092009,0.016005780361025,0.0307706342857086,0.0324137994146636,0.0124685548615585,0.0153017673035421,0.0208726360834989,0.017241182082487,0.026992603372479,0.00946894216746919,0.0165606361192836,0.0125404326718002,0.00864097039816572,0.0132084309573768,0.0126636012253278,0.0112797281226719,0.0156291203025739,0.0131347612336859,0.028122576200304,0.0161283002529388,0.00898829927299132,0.00955009696497232,0.0215210721018375,0.0143340464380303,0.0117369795155522,0.0214176348932449,0.0111616945038858,0.0181431636207809,0.00752972647710367,0.0175707922163379,0.0139022020178726,0.0100186838485187,0.0063401934408119,0.0102998734028349,0.0206987332238577,0.0215889053921905,0.0151644589088985,0.021276895259803
0.050614676413836,0.0293202843604448,0.0128310144035457,0.0137753123361503,0.019186112862138,0.026278840992693,0.022687417426226,0.0117847946320021,0.0346883891336584,0.0214229558258472,0.0264997245221217,0.0232152790268412,0.0156663182268536,0.014441597612192,0.0183776673579413,0.012475694099621,0.0156790338443958,0.0201703921403685,0.0184297508919421,0.0104437886642066,0.0322621580458178,0.0226797770912796,0.0126402844319503,0.0199174425267371,0.0123783665383617,0.0362808361183981,0.0164903405466642,0.0186975274524231,0.017273850379881,0.0439878038698986,0.0213203721028828,0.0159969371511724,0.0126660076848272,0.0164722746361464,0.0213624897213481,0.0163071533771871,0.0127568040341104,0.00990058191565148,0.023857849998024,0.0147747594448853,0.0155089218126688,0.0155458572833365,0.0206782870878273,0.0220384787684342,0.0223384801694505,0.0178777969898209,0.016620814036024,0.0140227672868969,0.0164291225840259,0.0113528840533351,0.0198967418420286,0.0235571464552149,0.0137828623168208,0.0323692178426473,0.0343670129436184,0.0135697775837481,0.015057137308745,0.0130212655401863,0.0250019618698234,0.0251839212616159,0.0340554565935974,0.0279037375447439,0.008907712376057,0.0235061645487219,0.0473980652896335,0.050119096364537,0.0179806075663836,0.022398586410716,0.0312534623054945,0.0254582681282573,0.0411828453394172,0.0133833917353007,0.024381600725516,0.0180918499870305,0.0121318393481244,0.0191278789470122,0.0182825811362813,0.0161476928867297,0.0229131371691216,0.019013429891242,0.0430354823327701,0.0236992851923009,0.0126558378555573,0.0135065066137831,0.0322964317446721,0.0208822293460525,0.0168510845112663,0.0321299037375524,0.0159664557063538,0.0268900305805212,0.0104659746576894,0.025980856400029,0.0202079354477652,0.0142188461199428,0.00870266461512074,0.0146474832981648,0.0309741492119671,0.032405671214171,0.0221829959137334,0.0319034152641082
0.0758054917025094,0.0424293126656222,0.0176264546955809,0.0190084582326402,0.0270327533731174,0.0377667762633732,0.0323051019619886,0.016102771175921,0.0507315853812842,0.0303946810724336,0.0381042928998545,0.0331046330119419,0.0217936119425064,0.019987204560061,0.0258235942436222,0.0171080659969214,0.0218124148226293,0.0285092244954913,0.0259013941386833,0.0141623061990349,0.0469683517602688,0.0322935379799836,0.017348078379858,0.0281293444305747,0.0169662325419024,0.0532106688079473,0.0230140667883202,0.0263016037086554,0.0241780892400391,0.065301016269975,0.0302399973364799,0.0222828159934992,0.0173856069289883,0.022987267566906,0.0303034999091173,0.022742410386196,0.0175181111817203,0.0133806222983627,0.0340794531768682,0.0204776815242527,0.0215609459714557,0.0216155313003168,0.0292728842669902,0.0313237867442214,0.0317772214343757,0.0250776230206501,0.0232076677266791,0.0193716192875208,0.0229232627075648,0.0154761877949229,0.0280982695051315,0.0336230586718774,0.0190195324317435,0.0471340421014143,0.0502321324968207,0.0187071303674694,0.0208939410736276,0.0179043917846649,0.0358192111189092,0.036096370263878,0.04974822126726,0.040253752203134,0.0119589385349049,0.0335457168207704,0.0706951623362894,0.0750167817858413,0.0252309442119874,0.0318681147981987,0.045408965139949,0.0365144914067808,0.0608839170581105,0.0184341242834975,0.0348752413240503,0.0253969019593566,0.0166072887740273,0.0269455463818606,0.0256815948126433,0.0225060956042653,0.0326468489697278,0.0267742043155745,0.0637993039160264,0.0338387451233511,0.0173707692370034,0.0186144284623573,0.0470213914479103,0.02957986146929,0.0235495838293914,0.0467637171071782,0.0222376869343634,0.0387011244472639,0.0141942875910986,0.0373117300654445,0.0285656327392619,0.0196596685337655,0.0116665381314433,0.0202902240111238,0.044977718430061,0.0471904667846166,0.0315421678321971,0.0464133989243581
0.108214960672706,0.0587623643242001,0.0233178323956956,0.0252453239178396,0.0365684253195167,0.051988192971242,0.0441088262825605,0.0212018946401987,0.070918933298932,0.0413685554731362,0.0524771656827694,0.0452582008655002,0.0291515973398734,0.0266148544760399,0.0348494147162813,0.0225968314737638,0.0291780616723844,0.0386728952136078,0.0349598952004724,0.0185224162440772,0.0653946410968449,0.0440922131555573,0.0229305130184344,0.0381308821374448,0.02239975955195,0.0745699485412049,0.030871768902824,0.0355284892639401,0.0325168489552613,0.0924965964391755,0.0411470658943024,0.029840518246712,0.0229827096308558,0.0308339446140644,0.0412379872441319,0.0304884612876812,0.0231670502307267,0.0174482999676559,0.0466615223795884,0.0273024929738078,0.0288242278142651,0.0289010148880669,0.0397636214652808,0.0427001576943032,0.0433507769094366,0.0337909801882091,0.0311450844418959,0.0257530648052696,0.0307436177878008,0.0203347334242268,0.038086561248461,0.0460042461864758,0.0252607994870799,0.065637395778524,0.0701844870746092,0.0248244166680498,0.0278867557496227,0.0237048592828232,0.0491711993009127,0.0495716094835434,0.0694732582585256,0.0555963933133538,0.0155032761248559,0.0458929083380059,0.100552863203137,0.107030612830845,0.0340083901312497,0.0434812554755417,0.063112177482829,0.0501759699382633,0.0859252797062802,0.024443375702001,0.0478086718807133,0.0342437964586417,0.0219014071401141,0.0364443103021683,0.0346478118863964,0.030155214945361,0.0445999288738393,0.0362005134030357,0.0902598147080289,0.0463148092195779,0.022962071911605,0.0246949976982388,0.0654723452516408,0.0402024942225091,0.0316280735957924,0.0650948903842502,0.0297769319914423,0.0533423696081078,0.0185664291704522,0.0513293121643603,0.0387534107923259,0.0261561446497778,0.01510468913187,0.0270395788210277,0.0624816804590594,0.0657200743561307,0.0430134449459719,0.0645819001483772
0.14499017890108,0.0767962618517933,0.0293471118328322,0.031876031328541,0.0468759108686389,0.0676047252589932,0.056975486039423,0.0265807791339878,0.093396806121874,0.0532963381808507,0.0682666258090629,0.0585214722697,0.0370248003434499,0.0336777196205384,0.0445847684925389,0.0284032916662987,0.0370597829475934,0.0496867693839129,0.0447318836492209,0.0230939749151763,0.0858373372374847,0.0569531522006513,0.0288399444033273,0.0489622133387356,0.0281455282711412,0.0984061913830573,0.039301298902189,0.045489318666854,0.0414832692169685,0.123139789984872,0.0529993866130614,0.0379358878783493,0.0289082719597177,0.0392511850141271,0.0531212772034504,0.0387935660505616,0.0291496320728158,0.021701838829151,0.06041120175938,0.0345837824940725,0.0365921653658044,0.0366936253746653,0.0511460875865541,0.0550829749708115,0.055956754344391,0.043176335377325,0.0396634923950741,0.0325435371989283,0.039131519980313,0.0254502581412007,0.0489029842367671,0.059525813032474,0.0318963683873432,0.0861689928104923,0.0923903597617815,0.0313230963218992,0.0353543652760925,0.0298542394288904,0.0637965009077931,0.0643372749682893,0.0914161383841594,0.0724948116127532,0.0191899759713625,0.0593758854321719,0.134321520785022,0.143339030496314,0.0434654925789818,0.0561320512347488,0.0827214757415702,0.0651538309422079,0.11404832902699,0.0308228619556439,0.0619576922718702,0.0437786701034698,0.0274941144067032,0.0467103374928927,0.0443163644003088,0.0383523561280926,0.057635853627763,0.0463851716730141,0.12004213346534,0.0599440954320769,0.0288812555621064,0.0311531584668011,0.0859434925223753,0.0517337328579032,0.0403038582755145,0.0854278819795241,0.0378517597835489,0.0694384285126466,0.0231510905623333,0.0667132294306177,0.049794437025037,0.0330738322152755,0.0186767633609753,0.0342372440458939,0.0818615672989614,0.0862819611137605,0.0555036514310199,0.0847273230314914
0.179811816722175,0.0935116641967395,0.0347577230352369,0.0378429302938321,0.056272596973695,0.0820176389436045,0.0687824009460761,0.0313916770840519,0.114368676061474,0.0642171738042554,0.08284391069372,0.0707032891656496,0.0441455852731769,0.0400452802023615,0.0534449365172954,0.0336082186073543,0.0441884985304225,0.0597471034080472,0.0536263781622607,0.0271634899533972,0.104856397034771,0.068754662054967,0.0341398952794863,0.0588509233831566,0.0332944713193985,0.120684473964904,0.0469405606572884,0.0545608170721672,0.0496238673042751,0.151996519381471,0.0638490928147302,0.045263596825286,0.0342231132939237,0.046878981978888,0.0640001729376082,0.0463167765312117,0.0345171177198252,0.0254803413794678,0.0730532620162687,0.0411541300933803,0.0436149676699776,0.0437393900648034,0.0615532251095466,0.0664330039297325,0.0675174449150338,0.0517087540358823,0.0473856819694237,0.0386584690945758,0.0467319497811062,0.0300189179681452,0.0587776816362875,0.0719519691113452,0.037867770290234,0.105273236683621,0.113100916470622,0.0371677429425864,0.0420978378727743,0.0353758100227531,0.077268309001463,0.0779422349477959,0.111874127728528,0.0881274504707704,0.0224514078863799,0.0717655278456886,0.16621440617949,0.177705454306493,0.0520650681330564,0.0677350635883762,0.100942532596918,0.0789601560682136,0.140463738351837,0.0365572039090186,0.0749779801424003,0.0524510583383815,0.0325019469275641,0.056068115252703,0.0531139499918153,0.0457749112427669,0.0696027263798973,0.0556665990680418,0.148064201436897,0.0724721922803295,0.0341902086002472,0.0369603010325124,0.104989812731912,0.0622809448387579,0.0481729520485312,0.104341839279931,0.0451603290421061,0.0843072746108644,0.027232608774706,0.0809051248513357,0.0598803063214788,0.0393067119646888,0.0218339085626481,0.040729932377184,0.0998631342754312,0.105415230896724,0.0669550409059448,0.103461619842169
0.207195352997831,0.106460729361526,0.0388549264389631,0.0423702327387031,0.0634675493850801,0.0931494271121452,0.0778646503119687,0.0350262179321759,0.130690431877186,0.0726045746255547,0.0941052437242694,0.0800798580977775,0.0495675594016688,0.0448828693531234,0.0602210462706387,0.0375466184649884,0.049616632576144,0.0674608208122494,0.0604292702840084,0.030227711980194,0.119628855008464,0.0778326695350868,0.0381516451160705,0.0664304153246556,0.0371896693348225,0.138044382556319,0.0527655355254778,0.0615018454103619,0.0558390528745565,0.174601939167887,0.072180764133602,0.0508463389364773,0.0382463596691132,0.0526950393254619,0.0723547131863146,0.0520514973169387,0.0385810146524944,0.0283212541336769,0.0827914026255375,0.0461489182291426,0.048960848089686,0.0491031012335216,0.0695383168084856,0.0751568318796459,0.0764064981803714,0.0582292538772217,0.0532751677204871,0.0433003655381665,0.0525267215602158,0.0334669030767152,0.0663462165218925,0.0815204589630539,0.0423985576639591,0.120113210762211,0.129215175298408,0.0416004520429154,0.0472269096956209,0.0395587336520243,0.0876589859466342,0.0884377045895836,0.127787885718598,0.100221236608953,0.024896421576952,0.0813053323649904,0.19124957553279,0.204723706856545,0.058637927135545,0.0766573180143954,0.115082808107801,0.0896141434063353,0.161119263216826,0.0409045987981963,0.085013463308881,0.0590806955176525,0.0362882948892068,0.063232676321393,0.0598412368703304,0.0514313745042752,0.0788105286783529,0.0627715303372449,0.170002572499749,0.0821207765116872,0.0382089086954932,0.0413639992280991,0.119783876375746,0.0703756980112508,0.0541767516208072,0.119031002608626,0.0507281967897755,0.0957984678375569,0.0303060485840125,0.0918627712951221,0.06761399865084,0.0440399537542535,0.0241992219181326,0.0456645077639969,0.113829627897026,0.120278212063686,0.0757583597566164,0.118008422843525
0.225236635839425,0.114911441682456,0.0414906204918196,0.0452862099350263,0.0681285354360458,0.100400334945267,0.0837654427788573,0.0373608238902597,0.141373396471105,0.0780484838250683,0.101441601458459,0.0861743106294552,0.0530676147159595,0.0480012623727047,0.0646074120501556,0.0400789166419826,0.0531207138136362,0.0724622232024256,0.0648331900004967,0.0321918421096785,0.129285582553565,0.0837306714512597,0.0407316945452313,0.0713437095354614,0.0396938480981655,0.149415714785799,0.0565290982299265,0.0659963174455857,0.0598579805239762,0.189458936777257,0.0775880499113546,0.0544514857914617,0.0408338944128035,0.0564527686306401,0.0777770272251196,0.0557560255389038,0.041195018842127,0.0301405516835281,0.0891238724317925,0.0493699234708524,0.0524111758048826,0.0525650806287725,0.0747179137233015,0.0808218939458747,0.0821802123620064,0.0624481303493792,0.057080933596215,0.0462910784459406,0.0562705273637615,0.0356802369405236,0.0712523191809851,0.087741235903834,0.0453168073058997,0.129814632463265,0.139760621132701,0.0444547554866056,0.0505356015073439,0.0422502606715247,0.094421293327187,0.0952690735039773,0.138200471056118,0.108106987614762,0.0264593078344066,0.0875072262435923,0.207724853397491,0.222521283229467,0.0628911054550272,0.0824528683875741,0.124321173500052,0.0965499969365425,0.174679185384406,0.0437032926122732,0.0915417539491115,0.063371074613968,0.0387216423470337,0.0678737288691721,0.0641956049973066,0.0550847246159112,0.0847939244015385,0.0673734751746797,0.184415679023252,0.0883942820217384,0.0407934833563727,0.0441993912140561,0.129454906108641,0.0756273247587139,0.0580573162141556,0.128632594561865,0.0543236188781349,0.1032864759104,0.0322761600433813,0.0989988324402121,0.0726285146410667,0.0470902568297161,0.0257105491151778,0.048846204015274,0.12295303040044,0.129994864539769,0.0814756917737715,0.127515790878425
0.234581134492621,0.11926559708326,0.0428378910075659,0.0467777694284255,0.0705202974025431,0.104132371420909,0.0867982888594929,0.0385532131589686,0.14688660011997,0.0808449622637387,0.105217922722815,0.0893073853342894,0.0548601539261285,0.0495970849749589,0.0668573224724984,0.0413729853369432,0.0549153288866126,0.0750299029110409,0.0670921658811592,0.0331938473308489,0.134265700563189,0.0867620734497276,0.0420503315836162,0.073865849177226,0.0409734506498125,0.155286698680816,0.0584575421207901,0.0683020616191125,0.0619181924545408,0.197143766777108,0.0803655871121972,0.0562982180740281,0.0421563829812472,0.0583782032002048,0.0805623367727173,0.0576540163455737,0.0425311277406804,0.0310681933849317,0.0923801630675849,0.0510186189980492,0.0541780756344182,0.0543379877973598,0.0773777129199892,0.0837327688525132,0.0851473015449492,0.064611556294771,0.059031150124227,0.0478211282016294,0.0581887792382326,0.0368102810530494,0.0737707420073057,0.0909397016911485,0.0468095370511873,0.134817959191368,0.145202368178748,0.0459145569752644,0.0522294884503381,0.0436262657607548,0.0979001815931125,0.0987837356382449,0.143573188184367,0.112168118482644,0.0272553980375417,0.0906959167340562,0.216252858476506,0.231738682785224,0.0650722415355386,0.085431256039496,0.129084081865214,0.10011878687006,0.181688660774102,0.0451344627761189,0.0948994406244951,0.0655714186718575,0.0399648104295887,0.0702551924516244,0.066428991375544,0.056956317778816,0.0878695189834979,0.0697347351610849,0.191869337614156,0.0916200451830129,0.0421144488202744,0.0456494554635678,0.134442450856741,0.0783243668005559,0.0600461255265393,0.133584082873278,0.0561653358794103,0.107141399454894,0.0332812371736113,0.102671354846206,0.0752029727935039,0.0486510013717499,0.026480204081257,0.0504746434347415,0.127656263033472,0.135006100454181,0.0844136091069045,0.132418355156153
0.237705894431103,0.120718288503262,0.0432858344080483,0.0472738336912003,0.0713168550015876,0.105376933177928,0.087809062849208,0.0389495202564483,0.148727282088576,0.0817767371603577,0.106477296675483,0.0903516635312893,0.0554566391987397,0.0501279300462998,0.067606502615242,0.0418031895333339,0.0555125069499651,0.0758852274877597,0.0678443735640754,0.0335267093633684,0.135927898351764,0.0877723647388261,0.0424887273946763,0.0747059594743499,0.0413988317380423,0.157247199851433,0.0590993886444412,0.0690698888203916,0.0626040286606421,0.199712033846651,0.0812910322898707,0.0569127903176533,0.0425960630166773,0.0590190451891462,0.0814903792713884,0.0582856976115605,0.0429753493224572,0.0313762832936673,0.0934656340216368,0.0515671044004774,0.054766004313577,0.0549279212640762,0.0782638157472708,0.0847027750789315,0.0861360962610806,0.0653318555587813,0.0596802646614443,0.0483300314953053,0.0588272236069958,0.0371858082033094,0.0746096106061234,0.0920058404197181,0.0473059916554347,0.136487926409183,0.147019122380625,0.0464000285985172,0.0527930526914024,0.0440837910664903,0.0990600817184997,0.0999555987041937,0.145366828114539,0.113522766635718,0.0275196799484281,0.0917587874510936,0.219103803979126,0.234820814579853,0.0657984546970357,0.0864238271709648,0.130673571186845,0.10130875120784,0.18403057948556,0.0456103852272272,0.0960188131722507,0.0663040460635634,0.0403780447455629,0.0710483101707027,0.0671726531701271,0.0575791878892651,0.0888945824491565,0.0705211045776517,0.194360119399924,0.0926953099447812,0.0425536210021857,0.0461316794418346,0.136107134833581,0.0792229138326425,0.0607081234736426,0.135236696637756,0.0567782342026183,0.108427065261956,0.033615122646423,0.10389601141417,0.0760605620200393,0.0491701440833097,0.0267356852592353,0.0510163704606345,0.129225778313913,0.136678715402895,0.0853926535850833,0.134054591590662
0.237993544921872,0.12085193436223,0.04332700641689,0.047319432291119,0.0713901024350308,0.105491417273798,0.0879020260500785,0.0389859427151377,0.148896654593826,0.0818624291126317,0.106593144397144,0.0904477106725954,0.0555114764984175,0.0501767283140368,0.0676753901239979,0.041842729823608,0.0555674079907386,0.0759638832578992,0.0679135396766602,0.0335572967743282,0.136080834969327,0.0878652835094548,0.0425290211738889,0.0747832150418343,0.0414379283898909,0.15742760675609,0.0591583995856844,0.0691404923046942,0.062667087272526,0.199948418999185,0.0813761416619366,0.0569692917513559,0.0426364749236657,0.0590779637015773,0.0815757276975696,0.0583437732368936,0.0430161789801147,0.031404592641477,0.0935654729153196,0.0516175255588311,0.0548200543578607,0.0549821557594318,0.0783453041663486,0.0847919858666487,0.0862270363942575,0.0653980854035529,0.0597399443474356,0.0483768112043922,0.0588859215111076,0.0372203194406044,0.0746867518983534,0.092103899786546,0.0473516261639298,0.136641578453439,0.14718629139663,0.0464446527613017,0.0528448611190293,0.0441258444764626,0.0991667720344863,0.100063390277404,0.145531868577734,0.113647385700082,0.027543961042765,0.0918565460007748,0.219366229065958,0.235104537791639,0.0658652287411339,0.0865151148992413,0.130819812776471,0.101418209124035,0.184246115420128,0.0456541309579443,0.0961217727610888,0.066371410351828,0.040416024132618,0.0711212410410015,0.0672410328653434,0.057636452800762,0.0889888609344174,0.0705934144225477,0.194589367115271,0.0927942093576317,0.0425939861948693,0.0461760048509326,0.136260300384713,0.0793055475656416,0.0607689886031261,0.135388750740337,0.0568345816217005,0.108545333470231,0.0336458041766825,0.104008663038738,0.0761394262124578,0.0492178657707643,0.0267591571655158,0.0510661698509531,0.129370180727855,0.136832611256844,0.0854826962755936,0.134205137647465
0.237993544921872,0.12085193436223,0.04332700641689,0.047319432291119,0.0713901024350308,0.105491417273798,0.0879020260500785,0.0389859427151377,0.148896654593826,0.0818624291126316,0.106593144397144,0.0904477106725953,0.0555114764984174,0.0501767283140367,0.0676753901239979,0.041842729823608,0.0555674079907385,0.0759638832578992,0.0679135396766602,0.0335572967743282,0.136080834969327,0.0878652835094548,0.0425290211738889,0.0747832150418342,0.0414379283898909,0.15742760675609,0.0591583995856844,0.0691404923046941,0.0626670872725259,0.199948418999185,0.0813761416619365,0.0569692917513558,0.0426364749236657,0.0590779637015773,0.0815757276975695,0.0583437732368936,0.0430161789801147,0.0314045926414769,0.0935654729153195,0.0516175255588311,0.0548200543578606,0.0549821557594318,0.0783453041663485,0.0847919858666487,0.0862270363942575,0.0653980854035529,0.0597399443474355,0.0483768112043922,0.0588859215111076,0.0372203194406043,0.0746867518983534,0.092103899786546,0.0473516261639298,0.136641578453439,0.14718629139663,0.0464446527613017,0.0528448611190293,0.0441258444764626,0.0991667720344863,0.100063390277404,0.145531868577734,0.113647385700082,0.027543961042765,0.0918565460007748,0.219366229065958,0.235104537791639,0.0658652287411338,0.0865151148992413,0.130819812776471,0.101418209124035,0.184246115420128,0.0456541309579443,0.0961217727610888,0.066371410351828,0.040416024132618,0.0711212410410015,0.0672410328653434,0.0576364528007619,0.0889888609344173,0.0705934144225476,0.194589367115271,0.0927942093576317,0.0425939861948692,0.0461760048509325,0.136260300384713,0.0793055475656416,0.0607689886031261,0.135388750740337,0.0568345816217005,0.108545333470231,0.0336458041766825,0.104008663038738,0.0761394262124578,0.0492178657707642,0.0267591571655158,0.0510661698509531,0.129370180727854,0.136832611256844,0.0854826962755936,0.134205137647465
0.237993544921872,0.12085193436223,0.04332700641689,0.047319432291119,0.0713901024350307,0.105491417273797,0.0879020260500785,0.0389859427151377,0.148896654593826,0.0818624291126316,0.106593144397144,0.0904477106725953,0.0555114764984174,0.0501767283140367,0.0676753901239979,0.041842729823608,0.0555674079907385,0.0759638832578992,0.0679135396766601,0.0335572967743282,0.136080834969327,0.0878652835094548,0.0425290211738889,0.0747832150418342,0.0414379283898909,0.15742760675609,0.0591583995856843,0.0691404923046941,0.0626670872725259,0.199948418999185,0.0813761416619365,0.0569692917513558,0.0426364749236657,0.0590779637015773,0.0815757276975695,0.0583437732368936,0.0430161789801147,0.0314045926414769,0.0935654729153195,0.051617525558831,0.0548200543578606,0.0549821557594317,0.0783453041663485,0.0847919858666486,0.0862270363942574,0.0653980854035529,0.0597399443474355,0.0483768112043922,0.0588859215111075,0.0372203194406043,0.0746867518983533,0.0921038997865459,0.0473516261639297,0.136641578453439,0.14718629139663,0.0464446527613017,0.0528448611190292,0.0441258444764626,0.0991667720344862,0.100063390277404,0.145531868577734,0.113647385700082,0.0275439610427649,0.0918565460007748,0.219366229065958,0.235104537791639,0.0658652287411338,0.0865151148992412,0.130819812776471,0.101418209124035,0.184246115420128,0.0456541309579443,0.0961217727610887,0.0663714103518279,0.040416024132618,0.0711212410410015,0.0672410328653433,0.0576364528007619,0.0889888609344173,0.0705934144225476,0.194589367115271,0.0927942093576316,0.0425939861948692,0.0461760048509325,0.136260300384713,0.0793055475656415,0.060768988603126,0.135388750740337,0.0568345816217005,0.108545333470231,0.0336458041766825,0.104008663038738,0.0761394262124577,0.0492178657707642,0.0267591571655158,0.0510661698509531,0.129370180727854,0.136832611256843,0.0854826962755935,0.134205137647465
0.237993544921872,0.12085193436223,0.04332700641689,0.047319432291119,0.0713901024350307,0.105491417273797,0.0879020260500785,0.0389859427151377,0.148896654593826,0.0818624291126316,0.106593144397144,0.0904477106725953,0.0555114764984174,0.0501767283140367,0.0676753901239979,0.041842729823608,0.0555674079907385,0.0759638832578992,0.0679135396766601,0.0335572967743282,0.136080834969327,0.0878652835094548,0.0425290211738889,0.0747832150418342,0.0414379283898909,0.15742760675609,0.0591583995856844,0.0691404923046941,0.0626670872725259,0.199948418999185,0.0813761416619365,0.0569692917513558,0.0426364749236657,0.0590779637015773,0.0815757276975695,0.0583437732368936,0.0430161789801147,0.0314045926414769,0.0935654729153195,0.0516175255588311,0.0548200543578606,0.0549821557594318,0.0783453041663485,0.0847919858666486,0.0862270363942574,0.0653980854035529,0.0597399443474355,0.0483768112043922,0.0588859215111076,0.0372203194406043,0.0746867518983533,0.0921038997865459,0.0473516261639298,0.136641578453439,0.14718629139663,0.0464446527613017,0.0528448611190293,0.0441258444764626,0.0991667720344862,0.100063390277404,0.145531868577734,0.113647385700082,0.027543961042765,0.0918565460007748,0.219366229065958,0.235104537791639,0.0658652287411338,0.0865151148992412,0.130819812776471,0.101418209124035,0.184246115420128,0.0456541309579443,0.0961217727610887,0.0663714103518279,0.040416024132618,0.0711212410410015,0.0672410328653434,0.0576364528007619,0.0889888609344173,0.0705934144225476,0.194589367115271,0.0927942093576317,0.0425939861948692,0.0461760048509325,0.136260300384713,0.0793055475656415,0.060768988603126,0.135388750740337,0.0568345816217005,0.108545333470231,0.0336458041766825,0.104008663038738,0.0761394262124578,0.0492178657707642,0.0267591571655158,0.0510661698509531,0.129370180727854,0.136832611256843,0.0854826962755935,0.134205137647465
0.237993544921872,0.12085193436223,0.04332700641689,0.047319432291119,0.0713901024350307,0.105491417273797,0.0879020260500785,0.0389859427151377,0.148896654593826,0.0818624291126316,0.106593144397144,0.0904477106725953,0.0555114764984174,0.0501767283140367,0.0676753901239979,0.041842729823608,0.0555674079907385,0.0759638832578992,0.0679135396766601,0.0335572967743282,0.136080834969327,0.0878652835094548,0.0425290211738889,0.0747832150418342,0.0414379283898909,0.15742760675609,0.0591583995856844,0.0691404923046941,0.0626670872725259,0.199948418999185,0.0813761416619365,0.0569692917513558,0.0426364749236657,0.0590779637015773,0.0815757276975695,0.0583437732368936,0.0430161789801147,0.0314045926414769,0.0935654729153195,0.0516175255588311,0.0548200543578606,0.0549821557594318,0.0783453041663485,0.0847919858666486,0.0862270363942574,0.0653980854035529,0.0597399443474355,0.0483768112043922,0.0588859215111076,0.0372203194406043,0.0746867518983533,0.0921038997865459,0.0473516261639298,0.136641578453439,0.14718629139663,0.0464446527613017,0.0528448611190293,0.0441258444764626,0.0991667720344862,0.100063390277404,0.145531868577734,0.113647385700082,0.027543961042765,0.0918565460007748,0.219366229065958,0.235104537791639,0.0658652287411338,0.0865151148992412,0.130819812776471,0.101418209124035,0.184246115420128,0.0456541309579443,0.0961217727610887,0.0663714103518279,0.040416024132618,0.0711212410410015,0.0672410328653434,0.0576364528007619,0.0889888609344173,0.0705934144225476,0.194589367115271,0.0927942093576317,0.0425939861948692,0.0461760048509325,0.136260300384713,0.0793055475656415,0.060768988603126,0.135388750740337,0.0568345816217005,0.108545333470231,0.0336458041766825,0.104008663038738,0.0761394262124578,0.0492178657707642,0.0267591571655158,0.0510661698509531,0.129370180727854,0.136832611256843,0.0854826962755935,0.134205137647465
0.237993544921872,0.12085193436223,0.04332700641689,0.047319432291119,0.0713901024350308,0.105491417273798,0.0879020260500785,0.0389859427151377,0.148896654593826,0.0818624291126317,0.106593144397144,0.0904477106725954,0.0555114764984175,0.0501767283140368,0.0676753901239979,0.041842729823608,0.0555674079907386,0.0759638832578992,0.0679135396766602,0.0335572967743282,0.136080834969327,0.0878652835094548,0.0425290211738889,0.0747832150418343,0.0414379283898909,0.15742760675609,0.0591583995856844,0.0691404923046942,0.062667087272526,0.199948418999185,0.0813761416619366,0.0569692917513559,0.0426364749236657,0.0590779637015773,0.0815757276975696,0.0583437732368936,0.0430161789801147,0.031404592641477,0.0935654729153196,0.0516175255588311,0.0548200543578607,0.0549821557594318,0.0783453041663486,0.0847919858666487,0.0862270363942575,0.0653980854035529,0.0597399443474356,0.0483768112043922,0.0588859215111076,0.0372203194406044,0.0746867518983534,0.092103899786546,0.0473516261639298,0.136641578453439,0.14718629139663,0.0464446527613017,0.0528448611190293,0.0441258444764626,0.0991667720344863,0.100063390277404,0.145531868577734,0.113647385700082,0.027543961042765,0.0918565460007748,0.219366229065958,0.235104537791639,0.0658652287411339,0.0865151148992413,0.130819812776471,0.101418209124035,0.184246115420128,0.0456541309579443,0.0961217727610888,0.066371410351828,0.040416024132618,0.0711212410410015,0.0672410328653434,0.057636452800762,0.0889888609344174,0.0705934144225477,0.194589367115271,0.0927942093576317,0.0425939861948693,0.0461760048509326,0.136260300384713,0.0793055475656416,0.0607689886031261,0.135388750740337,0.0568345816217005,0.108545333470231,0.0336458041766825,0.104008663038738,0.0761394262124578,0.0492178657707643,0.0267591571655158,0.0510661698509531,0.129370180727855,0.136832611256844,0.0854826962755936,0.134205137647465
0.237993544921872,0.12085193436223,0.04332700641689,0.047319432291119,0.0713901024350308,0.105491417273798,0.0879020260500785,0.0389859427151377,0.148896654593826,0.0818624291126316,0.106593144397144,0.0904477106725953,0.0555114764984174,0.0501767283140367,0.0676753901239979,0.041842729823608,0.0555674079907385,0.0759638832578992,0.0679135396766602,0.0335572967743282,0.136080834969327,0.0878652835094548,0.0425290211738889,0.0747832150418342,0.0414379283898909,0.15742760675609,0.0591583995856844,0.0691404923046941,0.0626670872725259,0.199948418999185,0.0813761416619365,0.0569692917513558,0.0426364749236657,0.0590779637015773,0.0815757276975695,0.0583437732368936,0.0430161789801147,0.0314045926414769,0.0935654729153195,0.0516175255588311,0.0548200543578606,0.0549821557594318,0.0783453041663485,0.0847919858666487,0.0862270363942575,0.0653980854035529,0.0597399443474355,0.0483768112043922,0.0588859215111076,0.0372203194406043,0.0746867518983534,0.092103899786546,0.0473516261639298,0.136641578453439,0.14718629139663,0.0464446527613017,0.0528448611190293,0.0441258444764626,0.0991667720344863,0.100063390277404,0.145531868577734,0.113647385700082,0.027543961042765,0.0918565460007748,0.219366229065958,0.235104537791639,0.0658652287411338,0.0865151148992413,0.130819812776471,0.101418209124035,0.184246115420128,0.0456541309579443,0.0961217727610888,0.066371410351828,0.040416024132618,0.0711212410410015,0.0672410328653434,0.0576364528007619,0.0889888609344173,0.0705934144225476,0.194589367115271,0.0927942093576317,0.0425939861948692,0.0461760048509325,0.136260300384713,0.0793055475656416,0.0607689886031261,0.135388750740337,0.0568345816217005,0.108545333470231,0.0336458041766825,0.104008663038738,0.0761394262124578,0.0492178657707642,0.0267591571655158,0.0510661698509531,0.129370180727854,0.136832611256844,0.0854826962755936,0.134205137647465
0.237993544921872,0.12085193436223,0.04332700641689,0.047319432291119,0.0713901024350307,0.105491417273797,0.0879020260500785,0.0389859427151377,0.148896654593826,0.0818624291126316,0.106593144397144,0.0904477106725953,0.0555114764984174,0.0501767283140367,0.0676753901239979,0.041842729823608,0.0555674079907385,0.0759638832578992,0.0679135396766601,0.0335572967743282,0.136080834969327,0.0878652835094548,0.0425290211738889,0.0747832150418342,0.0414379283898909,0.15742760675609,0.0591583995856843,0.0691404923046941,0.0626670872725259,0.199948418999185,0.0813761416619365,0.0569692917513558,0.0426364749236657,0.0590779637015773,0.0815757276975695,0.0583437732368936,0.0430161789801147,0.0314045926414769,0.0935654729153195,0.0516175255588311,0.0548200543578606,0.0549821557594318,0.0783453041663485,0.0847919858666487,0.0862270363942574,0.0653980854035529,0.0597399443474355,0.0483768112043922,0.0588859215111076,0.0372203194406043,0.0746867518983534,0.0921038997865459,0.0473516261639298,0.136641578453439,0.14718629139663,0.0464446527613017,0.0528448611190293,0.0441258444764626,0.0991667720344862,0.100063390277404,0.145531868577734,0.113647385700082,0.027543961042765,0.0918565460007748,0.219366229065958,0.235104537791639,0.0658652287411338,0.0865151148992412,0.130819812776471,0.101418209124035,0.184246115420128,0.0456541309579443,0.0961217727610887,0.0663714103518279,0.040416024132618,0.0711212410410015,0.0672410328653434,0.0576364528007619,0.0889888609344173,0.0705934144225476,0.194589367115271,0.0927942093576317,0.0425939861948692,0.0461760048509325,0.136260300384713,0.0793055475656415,0.060768988603126,0.135388750740337,0.0568345816217005,0.108545333470231,0.0336458041766825,0.104008663038738,0.0761394262124578,0.0492178657707642,0.0267591571655158,0.0510661698509531,0.129370180727854,0.136832611256843,0.0854826962755935,0.134205137647465
0.237993544921872,0.12085193436223,0.04332700641689,0.047319432291119,0.0713901024350307,0.105491417273797,0.0879020260500785,0.0389859427151377,0.148896654593826,0.0818624291126316,0.106593144397144,0.0904477106725953,0.0555114764984174,0.0501767283140367,0.0676753901239979,0.041842729823608,0.0555674079907385,0.0759638832578992,0.0679135396766601,0.0335572967743282,0.136080834969327,0.0878652835094548,0.0425290211738889,0.0747832150418342,0.0414379283898909,0.15742760675609,0.0591583995856843,0.0691404923046941,0.0626670872725259,0.199948418999185,0.0813761416619365,0.0569692917513558,0.0426364749236657,0.0590779637015773,0.0815757276975695,0.0583437732368936,0.0430161789801147,0.0314045926414769,0.0935654729153195,0.051617525558831,0.0548200543578606,0.0549821557594317,0.0783453041663485,0.0847919858666486,0.0862270363942574,0.0653980854035529,0.0597399443474355,0.0483768112043922,0.0588859215111075,0.0372203194406043,0.0746867518983533,0.0921038997865459,0.0473516261639297,0.136641578453439,0.14718629139663,0.0464446527613017,0.0528448611190292,0.0441258444764626,0.0991667720344862,0.100063390277404,0.145531868577734,0.113647385700082,0.0275439610427649,0.0918565460007748,0.219366229065958,0.235104537791639,0.0658652287411338,0.0865151148992412,0.130819812776471,0.101418209124035,0.184246115420128,0.0456541309579443,0.0961217727610887,0.0663714103518279,0.040416024132618,0.0711212410410015,0.0672410328653433,0.0576364528007619,0.0889888609344173,0.0705934144225476,0.194589367115271,0.0927942093576316,0.0425939861948692,0.0461760048509325,0.136260300384713,0.0793055475656415,0.060768988603126,0.135388750740337,0.0568345816217005,0.108545333470231,0.0336458041766825,0.104008663038738,0.0761394262124577,0.0492178657707642,0.0267591571655158,0.0510661698509531,0.129370180727854,0.136832611256843,0.0854826962755935,0.134205137647465
0.237993544921872,0.12085193436223,0.04332700641689,0.047319432291119,0.0713901024350307,0.105491417273797,0.0879020260500785,0.0389859427151377,0.148896654593826,0.0818624291126316,0.106593144397144,0.0904477106725953,0.0555114764984174,0.0501767283140367,0.0676753901239979,0.041842729823608,0.0555674079907385,0.0759638832578992,0.0679135396766601,0.0335572967743282,0.136080834969327,0.0878652835094548,0.0425290211738889,0.0747832150418342,0.0414379283898909,0.15742760675609,0.0591583995856844,0.0691404923046941,0.0626670872725259,0.199948418999185,0.0813761416619365,0.0569692917513558,0.0426364749236657,0.0590779637015773,0.0815757276975695,0.0583437732368936,0.0430161789801147,0.0314045926414769,0.0935654729153195,0.0516175255588311,0.0548200543578606,0.0549821557594318,0.0783453041663485,0.0847919858666486,0.0862270363942574,0.0653980854035529,0.0597399443474355,0.0483768112043922,0.0588859215111076,0.0372203194406043,0.0746867518983533,0.0921038997865459,0.0473516261639298,0.136641578453439,0.14718629139663,0.0464446527613017,0.0528448611190293,0.0441258444764626,0.0991667720344862,0.100063390277404,0.145531868577734,0.113647385700082,0.027543961042765,0.0918565460007748,0.219366229065958,0.235104537791639,0.0658652287411338,0.0865151148992412,0.130819812776471,0.101418209124035,0.184246115420128,0.0456541309579443,0.0961217727610887,0.0663714103518279,0.040416024132618,0.0711212410410015,0.0672410328653434,0.0576364528007619,0.0889888609344173,0.0705934144225476,0.194589367115271,0.0927942093576317,0.0425939861948692,0.0461760048509325,0.136260300384713,0.0793055475656415,0.060768988603126,0.135388750740337,0.0568345816217005,0.108545333470231,0.0336458041766825,0.104008663038738,0.0761394262124578,0.0492178657707642,0.0267591571655158,0.0510661698509531,0.129370180727854,0.136832611256843,0.0854826962755935,0.134205137647465
0.237993544921872,0.12085193436223,0.04332700641689,0.047319432291119,0.0713901024350308,0.105491417273798,0.0879020260500785,0.0389859427151377,0.148896654593826,0.0818624291126317,0.106593144397144,0.0904477106725953,0.0555114764984174,0.0501767283140368,0.0676753901239979,0.041842729823608,0.0555674079907385,0.0759638832578992,0.0679135396766602,0.0335572967743282,0.136080834969327,0.0878652835094548,0.0425290211738889,0.0747832150418343,0.0414379283898909,0.15742760675609,0.0591583995856844,0.0691404923046942,0.062667087272526,0.199948418999185,0.0813761416619366,0.0569692917513559,0.0426364749236657,0.0590779637015773,0.0815757276975696,0.0583437732368936,0.0430161789801147,0.031404592641477,0.0935654729153195,0.0516175255588311,0.0548200543578607,0.0549821557594318,0.0783453041663486,0.0847919858666487,0.0862270363942575,0.0653980854035529,0.0597399443474355,0.0483768112043922,0.0588859215111076,0.0372203194406044,0.0746867518983534,0.092103899786546,0.0473516261639298,0.136641578453439,0.14718629139663,0.0464446527613017,0.0528448611190293,0.0441258444764626,0.0991667720344863,0.100063390277404,0.145531868577734,0.113647385700082,0.027543961042765,0.0918565460007748,0.219366229065958,0.235104537791639,0.0658652287411339,0.0865151148992413,0.130819812776471,0.101418209124035,0.184246115420128,0.0456541309579443,0.0961217727610888,0.066371410351828,0.040416024132618,0.0711212410410015,0.0672410328653434,0.057636452800762,0.0889888609344173,0.0705934144225477,0.194589367115271,0.0927942093576317,0.0425939861948693,0.0461760048509326,0.136260300384713,0.0793055475656416,0.0607689886031261,0.135388750740337,0.0568345816217005,0.108545333470231,0.0336458041766825,0.104008663038738,0.0761394262124578,0.0492178657707643,0.0267591571655158,0.0510661698509531,0.129370180727854,0.136832611256843,0.0854826962755936,0.134205137647465
0.237993544921872,0.12085193436223,0.04332700641689,0.047319432291119,0.0713901024350308,0.105491417273798,0.0879020260500785,0.0389859427151377,0.148896654593826,0.0818624291126317,0.106593144397144,0.0904477106725953,0.0555114764984174,0.0501767283140368,0.0676753901239979,0.041842729823608,0.0555674079907385,0.0759638832578992,0.0679135396766602,0.0335572967743282,0.136080834969327,0.0878652835094548,0.0425290211738889,0.0747832150418343,0.0414379283898909,0.15742760675609,0.0591583995856844,0.0691404923046942,0.062667087272526,0.199948418999185,0.0813761416619366,0.0569692917513559,0.0426364749236657,0.0590779637015773,0.0815757276975696,0.0583437732368936,0.0430161789801147,0.031404592641477,0.0935654729153195,0.0516175255588311,0.0548200543578607,0.0549821557594318,0.0783453041663486,0.0847919858666487,0.0862270363942575,0.0653980854035529,0.0597399443474355,0.0483768112043922,0.0588859215111076,0.0372203194406044,0.0746867518983534,0.092103899786546,0.0473516261639298,0.136641578453439,0.14718629139663,0.0464446527613017,0.0528448611190293,0.0441258444764626,0.0991667720344863,0.100063390277404,0.145531868577734,0.113647385700082,0.027543961042765,0.0918565460007748,0.219366229065958,0.235104537791639,0.0658652287411339,0.0865151148992413,0.130819812776471,0.101418209124035,0.184246115420128,0.0456541309579443,0.0961217727610888,0.066371410351828,0.040416024132618,0.0711212410410015,0.0672410328653434,0.057636452800762,0.0889888609344173,0.0705934144225477,0.194589367115271,0.0927942093576317,0.0425939861948693,0.0461760048509326,0.136260300384713,0.0793055475656416,0.0607689886031261,0.135388750740337,0.0568345816217005,0.108545333470231,0.0336458041766825,0.104008663038738,0.0761394262124578,0.0492178657707643,0.0267591571655158,0.0510661698509531,0.129370180727854,0.136832611256843,0.0854826962755936,0.134205137647465
0.237993544921872,0.12085193436223,0.04332700641689,0.047319432291119,0.0713901024350307,0.105491417273797,0.0879020260500785,0.0389859427151377,0.148896654593826,0.0818624291126316,0.106593144397144,0.0904477106725953,0.0555114764984174,0.0501767283140367,0.0676753901239979,0.041842729823608,0.0555674079907385,0.0759638832578992,0.0679135396766601,0.0335572967743282,0.136080834969327,0.0878652835094548,0.0425290211738889,0.0747832150418342,0.0414379283898909,0.15742760675609,0.0591583995856844,0.0691404923046941,0.0626670872725259,0.199948418999185,0.0813761416619365,0.0569692917513558,0.0426364749236657,0.0590779637015773,0.0815757276975695,0.0583437732368936,0.0430161789801147,0.0314045926414769,0.0935654729153195,0.0516175255588311,0.0548200543578606,0.0549821557594318,0.0783453041663485,0.0847919858666486,0.0862270363942574,0.0653980854035529,0.0597399443474355,0.0483768112043922,0.0588859215111076,0.0372203194406043,0.0746867518983533,0.0921038997865459,0.0473516261639298,0.136641578453439,0.14718629139663,0.0464446527613017,0.0528448611190293,0.0441258444764626,0.0991667720344862,0.100063390277404,0.145531868577734,0.113647385700082,0.027543961042765,0.0918565460007748,0.219366229065958,0.235104537791639,0.0658652287411338,0.0865151148992412,0.130819812776471,0.101418209124035,0.184246115420128,0.0456541309579443,0.0961217727610887,0.0663714103518279,0.040416024132618,0.0711212410410015,0.0672410328653434,0.0576364528007619,0.0889888609344173,0.0705934144225476,0.194589367115271,0.0927942093576317,0.0425939861948692,0.0461760048509325,0.136260300384713,0.0793055475656415,0.060768988603126,0.135388750740337,0.0568345816217005,0.108545333470231,0.0336458041766825,0.104008663038738,0.0761394262124578,0.0492178657707642,0.0267591571655158,0.0510661698509531,0.129370180727854,0.136832611256843,0.0854826962755935,0.134205137647465
0.237993544921872,0.12085193436223,0.04332700641689,0.047319432291119,0.0713901024350307,0.105491417273797,0.0879020260500785,0.0389859427151377,0.148896654593826,0.0818624291126316,0.106593144397144,0.0904477106725953,0.0555114764984174,0.0501767283140367,0.0676753901239979,0.041842729823608,0.0555674079907385,0.0759638832578992,0.0679135396766601,0.0335572967743282,0.136080834969327,0.0878652835094548,0.0425290211738889,0.0747832150418342,0.0414379283898909,0.15742760675609,0.0591583995856843,0.0691404923046941,0.0626670872725259,0.199948418999185,0.0813761416619365,0.0569692917513558,0.0426364749236657,0.0590779637015773,0.0815757276975695,0.0583437732368936,0.0430161789801147,0.0314045926414769,0.0935654729153195,0.051617525558831,0.0548200543578606,0.0549821557594317,0.0783453041663485,0.0847919858666486,0.0862270363942574,0.0653980854035529,0.0597399443474355,0.0483768112043922,0.0588859215111075,0.0372203194406043,0.0746867518983533,0.0921038997865459,0.0473516261639297,0.136641578453439,0.14718629139663,0.0464446527613017,0.0528448611190292,0.0441258444764626,0.0991667720344862,0.100063390277404,0.145531868577734,0.113647385700082,0.0275439610427649,0.0918565460007748,0.219366229065958,0.235104537791639,0.0658652287411338,0.0865151148992412,0.130819812776471,0.101418209124035,0.184246115420128,0.0456541309579443,0.0961217727610887,0.0663714103518279,0.040416024132618,0.0711212410410015,0.0672410328653433,0.0576364528007619,0.0889888609344173,0.0705934144225476,0.194589367115271,0.0927942093576316,0.0425939861948692,0.0461760048509325,0.136260300384713,0.0793055475656415,0.060768988603126,0.135388750740337,0.0568345816217005,0.108545333470231,0.0336458041766825,0.104008663038738,0.0761394262124577,0.0492178657707642,0.0267591571655158,0.0510661698509531,0.129370180727854,0.136832611256843,0.0854826962755935,0.134205137647465
0.237993544921872,0.12085193436223,0.04332700641689,0.047319432291119,0.0713901024350307,0.105491417273797,0.0879020260500785,0.0389859427151377,0.148896654593826,0.0818624291126316,0.106593144397144,0.0904477106725953,0.0555114764984174,0.0501767283140367,0.0676753901239979,0.041842729823608,0.0555674079907385,0.0759638832578992,0.0679135396766601,0.0335572967743282,0.136080834969327,0.0878652835094548,0.0425290211738889,0.0747832150418342,0.0414379283898909,0.15742760675609,0.0591583995856844,0.0691404923046941,0.0626670872725259,0.199948418999185,0.0813761416619365,0.0569692917513558,0.0426364749236657,0.0590779637015773,0.0815757276975695,0.0583437732368936,0.0430161789801147,0.0314045926414769,0.0935654729153195,0.0516175255588311,0.0548200543578606,0.0549821557594318,0.0783453041663485,0.0847919858666486,0.0862270363942574,0.0653980854035529,0.0597399443474355,0.0483768112043922,0.0588859215111076,0.0372203194406043,0.0746867518983533,0.0921038997865459,0.0473516261639298,0.136641578453439,0.14718629139663,0.0464446527613017,0.0528448611190293,0.0441258444764626,0.0991667720344862,0.100063390277404,0.145531868577734,0.113647385700082,0.027543961042765,0.0918565460007748,0.219366229065958,0.235104537791639,0.0658652287411338,0.0865151148992412,0.130819812776471,0.101418209124035,0.184246115420128,0.0456541309579443,0.0961217727610887,0.0663714103518279,0.040416024132618,0.0711212410410015,0.0672410328653434,0.0576364528007619,0.0889888609344173,0.0705934144225476,0.194589367115271,0.0927942093576317,0.0425939861948692,0.0461760048509325,0.136260300384713,0.0793055475656415,0.060768988603126,0.135388750740337,0.0568345816217005,0.108545333470231,0.0336458041766825,0.104008663038738,0.0761394262124578,0.0492178657707642,0.0267591571655158,0.0510661698509531,0.129370180727854,0.136832611256843,0.0854826962755935,0.134205137647465
0.237993544921872,0.12085193436223,0.04332700641689,0.047319432291119,0.0713901024350307,0.105491417273797,0.0879020260500785,0.0389859427151377,0.148896654593826,0.0818624291126316,0.106593144397144,0.0904477106725953,0.0555114764984174,0.0501767283140367,0.0676753901239979,0.041842729823608,0.0555674079907385,0.0759638832578992,0.0679135396766601,0.0335572967743282,0.136080834969327,0.0878652835094548,0.0425290211738889,0.0747832150418342,0.0414379283898909,0.15742760675609,0.0591583995856844,0.0691404923046941,0.0626670872725259,0.199948418999185,0.0813761416619365,0.0569692917513558,0.0426364749236657,0.0590779637015773,0.0815757276975695,0.0583437732368936,0.0430161789801147,0.0314045926414769,0.0935654729153195,0.0516175255588311,0.0548200543578606,0.0549821557594318,0.0783453041663485,0.0847919858666486,0.0862270363942574,0.0653980854035529,0.0597399443474355,0.0483768112043922,0.0588859215111076,0.0372203194406043,0.0746867518983533,0.0921038997865459,0.0473516261639298,0.136641578453439,0.14718629139663,0.0464446527613017,0.0528448611190293,0.0441258444764626,0.0991667720344862,0.100063390277404,0.145531868577734,0.113647385700082,0.027543961042765,0.0918565460007748,0.219366229065958,0.235104537791639,0.0658652287411338,0.0865151148992412,0.130819812776471,0.101418209124035,0.184246115420128,0.0456541309579443,0.0961217727610887,0.0663714103518279,0.040416024132618,0.0711212410410015,0.0672410328653434,0.0576364528007619,0.0889888609344173,0.0705934144225476,0.194589367115271,0.0927942093576317,0.0425939861948692,0.0461760048509325,0.136260300384713,0.0793055475656415,0.060768988603126,0.135388750740337,0.0568345816217005,0.108545333470231,0.0336458041766825,0.104008663038738,0.0761394262124578,0.0492178657707642,0.0267591571655158,0.0510661698509531,0.129370180727854,0.136832611256843,0.0854826962755935,0.134205137647465
0.237993544921872,0.12085193436223,0.04332700641689,0.047319432291119,0.0713901024350308,0.105491417273798,0.0879020260500785,0.0389859427151377,0.148896654593826,0.0818624291126317,0.106593144397144,0.0904477106725953,0.0555114764984174,0.0501767283140368,0.0676753901239979,0.041842729823608,0.0555674079907385,0.0759638832578992,0.0679135396766602,0.0335572967743282,0.136080834969327,0.0878652835094548,0.0425290211738889,0.0747832150418343,0.0414379283898909,0.15742760675609,0.0591583995856844,0.0691404923046942,0.062667087272526,0.199948418999185,0.0813761416619366,0.0569692917513559,0.0426364749236657,0.0590779637015773,0.0815757276975696,0.0583437732368936,0.0430161789801147,0.031404592641477,0.0935654729153195,0.0516175255588311,0.0548200543578607,0.0549821557594318,0.0783453041663486,0.0847919858666487,0.0862270363942575,0.0653980854035529,0.0597399443474355,0.0483768112043922,0.0588859215111076,0.0372203194406044,0.0746867518983534,0.092103899786546,0.0473516261639298,0.136641578453439,0.14718629139663,0.0464446527613017,0.0528448611190293,0.0441258444764626,0.0991667720344863,0.100063390277404,0.145531868577734,0.113647385700082,0.027543961042765,0.0918565460007748,0.219366229065958,0.235104537791639,0.0658652287411339,0.0865151148992413,0.130819812776471,0.101418209124035,0.184246115420128,0.0456541309579443,0.0961217727610888,0.066371410351828,0.040416024132618,0.0711212410410015,0.0672410328653434,0.057636452800762,0.0889888609344173,0.0705934144225477,0.194589367115271,0.0927942093576317,0.0425939861948693,0.0461760048509326,0.136260300384713,0.0793055475656416,0.0607689886031261,0.135388750740337,0.0568345816217005,0.108545333470231,0.0336458041766825,0.104008663038738,0.0761394262124578,0.0492178657707643,0.0267591571655158,0.0510661698509531,0.129370180727854,0.136832611256843,0.0854826962755936,0.134205137647465
0.236990997209816,0.120392765987336,0.0431894932146405,0.0471667033288065,0.0711417758280602,0.105099353135005,0.0875851104404084,0.0388647183770903,0.148311989569686,0.0815708416303901,0.10619631040083,0.0901200424689543,0.0553269001936177,0.0500129825414889,0.0674421904472355,0.041710817284013,0.0553826115802109,0.0756967701808704,0.0676793738727318,0.0334560224518098,0.135553959445526,0.0875485227689981,0.0423945229540469,0.07452096796333,0.0413075377747585,0.156804097195676,0.0589594012845599,0.0689013409609858,0.062454084107766,0.199127361995996,0.0810865819580239,0.0567789674242874,0.0425015712455252,0.0588792849994294,0.0812853359501158,0.0581480086248449,0.0428798412341014,0.0313110855003285,0.0932245763785263,0.0514481865489009,0.0546381961402985,0.0547996607708176,0.078068342462276,0.0844881454909072,0.0859171712644589,0.0651740982563065,0.0595386333944895,0.0482200172631173,0.0586880055874211,0.0371056376268568,0.0744249018828338,0.0917692125628336,0.047198773646746,0.136112189308719,0.146609378977127,0.0462952759196424,0.0526707381730961,0.0439853040944081,0.0988019520804656,0.0996947226316468,0.144962443681059,0.113219849330532,0.0274641535307134,0.091522908236797,0.218453044589444,0.234115909893355,0.0656393557148383,0.0862040385711687,0.130316451243658,0.101043718219184,0.183498721874134,0.0455077747292853,0.0957699827803854,0.0661434915679858,0.0402894647721892,0.0708740133129912,0.0670095939761742,0.0574434903027921,0.0886673601170886,0.0703483422012092,0.193793538300625,0.0924565911866001,0.0424592428604194,0.0460276554500814,0.135732620531841,0.0790246021120259,0.0605635769749698,0.134864975651422,0.0566447894060031,0.108140030599758,0.033544208669765,0.103623007308804,0.0758715886945154,0.0490578284098915,0.0266820956071851,0.0508989741614848,0.128873275847264,0.13630236545706,0.0851759579315567,0.133686659968656
0.228545719832854,0.116517151116718,0.0420253260780371,0.045874054980995,0.0690425456007652,0.101788817369408,0.0849076915797108,0.0378381335213941,0.143380127203547,0.0791068914496134,0.102845600350299,0.0873520127468501,0.0537654354624336,0.0486273290711785,0.0654705278241736,0.0405939507090234,0.0538192894183574,0.0734391382945384,0.0656995631444133,0.0325980075183395,0.131108403688551,0.0848724090298605,0.0412558183254491,0.0723043618576481,0.0402035255213122,0.151545423040651,0.0572762435929081,0.0668794846293669,0.0606527746274019,0.192207409330639,0.0786397241421314,0.0551689980362973,0.0413594423067551,0.0571988238393563,0.0788314647116201,0.0564921348356971,0.0417256010393953,0.0305187219242178,0.0903450834153553,0.0500153204659821,0.0530996692977056,0.0532557601516657,0.0757276814779851,0.0819209207039003,0.083299170220817,0.0632801364484133,0.0578359636422975,0.0468930500091097,0.0570139802126769,0.0361343262999464,0.0722116435447861,0.0889420384827986,0.0459050821435452,0.13164547833576,0.141742748385066,0.0450309298448945,0.0511974939337064,0.0427955728516643,0.0957209058188591,0.096581263020005,0.140158816558981,0.109610576479893,0.0267876187302555,0.0887045770147411,0.210758715358811,0.225787593402386,0.0637294872742923,0.0835758299284681,0.126068807411997,0.0978812045175262,0.177198107330553,0.0442689333466584,0.0927987088967712,0.0642163683648018,0.0392178133465048,0.0687840494120624,0.0650527816713115,0.055811259970664,0.0859513012994985,0.068276554972648,0.187085679104387,0.0896047210107692,0.0413184681059804,0.0447719844744273,0.131280295326907,0.0766503581771171,0.0588263108326686,0.130445514230086,0.0550393100797466,0.104717994208669,0.0326834792337538,0.100366448553577,0.0736078491288385,0.0477034799415679,0.0260287832352917,0.0494841994109107,0.124679980301668,0.13182844473567,0.0825843089286752,0.129311784308284
0.205887705539374,0.1060478520771,0.038847772236996,0.0423489589986457,0.0633416159339833,0.092833700705946,0.0776518264600604,0.0350331127923906,0.130085588296331,0.0724247289556538,0.0937827615070168,0.0798527526256288,0.0495141350764516,0.0448508439401786,0.060113144998999,0.037544427458519,0.0495629752464089,0.067311878488559,0.0603202312918984,0.0302500258129131,0.119113884778561,0.0776200501974164,0.0381471792664193,0.0662874948406419,0.0371888037296495,0.137377882690236,0.0526965634865492,0.06138690462969,0.0557544698383781,0.173609082563138,0.0720035163082234,0.0507867853691103,0.0382415345095985,0.0526264178179028,0.0721764001958169,0.0519860597306805,0.0385749130851502,0.0283489422289506,0.0825465118600837,0.0461112785901923,0.0489102897679531,0.0490518733852766,0.0693770594702452,0.0749611524762469,0.076202950039989,0.0581321013881059,0.0532036514058385,0.0432751735741668,0.0524589355919099,0.0334790896534693,0.0662037855411321,0.0812839454456574,0.0423771656980781,0.119594380830173,0.128622521582405,0.0415823646311711,0.0471843895233559,0.039548842464676,0.0873813621400721,0.0881547511892963,0.127206967142024,0.0998547028413593,0.0249325600871006,0.0810702297016104,0.19009846446389,0.203440624287064,0.0585385892440219,0.0764521815171367,0.114603711861945,0.089323091034012,0.1602503625379,0.0408893469020271,0.0847537557761489,0.0589789781583285,0.03629072013938,0.0631080681675441,0.0597354040696245,0.051368977468506,0.0785916344300355,0.0626495149714164,0.169052442247912,0.0818803150249163,0.0382042257129724,0.0413468801433817,0.119267671597828,0.0702094123738526,0.0541006907324603,0.11852078665031,0.0506692144562659,0.0954639310595414,0.0303281319735398,0.0915560825614745,0.0674641562062402,0.04401159401778,0.0242368764377415,0.0456290314085212,0.113360306834364,0.119758065653824,0.0755589021187423,0.117506313305497
0.167125121556863,0.0878644300365458,0.0332008327207853,0.036096741159569,0.0533228837142974,0.0772328620760286,0.0649596502253033,0.0300364149401863,0.107102532343256,0.0607174773265649,0.0779979227024494,0.0667431901543374,0.0420007971534153,0.0381615395641126,0.0506868987104201,0.0321207836846328,0.0420409459539907,0.0565588617610969,0.0508561095694821,0.0260533971619609,0.0983365465033764,0.0649338887191338,0.0326204105107354,0.0557245125185058,0.0318258877395132,0.112916054345466,0.0446143938858331,0.0517274088407144,0.0471211306082018,0.141667853635096,0.0603752292499627,0.0430465767772852,0.032698600317576,0.0445568397971947,0.0605157101243847,0.0440313199677278,0.0329748151035099,0.0244650543922467,0.0689240401087206,0.0392004127732076,0.0415043078963848,0.0416207366460776,0.0582397430962836,0.0627771116103668,0.0637846905113528,0.0490672623258716,0.0450303862104671,0.0368615711738676,0.0444194120739773,0.0287442956755272,0.0556563146910294,0.0679021527150869,0.0361200406673913,0.0987209515253678,0.1059349592047,0.0354633285163142,0.0400841983148158,0.0337813267412609,0.0728328393598207,0.0734574666378181,0.104804911858154,0.0828871041323288,0.0216022436324755,0.0677291286058508,0.154689301416546,0.16519975492961,0.0493997306511202,0.0639868524218221,0.094725968709139,0.0744007552589768,0.131090734329686,0.0348903995737578,0.0707093690850433,0.0497598463554799,0.0310807748525879,0.0531323382321645,0.0503781989885311,0.0435247126133172,0.065721420395969,0.0527581532867497,0.138062939492404,0.0683848988949934,0.0326676841732482,0.0352686830196155,0.0984595837796812,0.0589167679284224,0.0457659781264879,0.0978619918272393,0.0429499990429932,0.0793525683375899,0.0261185870572998,0.0762025614516172,0.0566828566641796,0.0374693156965768,0.0210178487540484,0.0388030407786792,0.0937298072936399,0.0988518912681978,0.0632621819768875,0.0970501125991833
0.117908464286802,0.0641505172376274,0.0255308604934327,0.0276343049759291,0.0399817832751941,0.0567773040356761,0.0481972780716054,0.0232211280652279,0.0773754932004182,0.0452122310761233,0.0573096145667224,0.0494491434440254,0.0318956371396658,0.029128541656826,0.0381081512537533,0.0247439025306005,0.0319245004479401,0.0422751657476169,0.0382285779129145,0.0202951776803634,0.0713666623098528,0.0481791827827343,0.025108118979175,0.0416845364526787,0.0245287887142295,0.0813459163565882,0.0337715712915358,0.0388483414717636,0.0355653030508163,0.100832413882005,0.0449709298950456,0.0326469813846979,0.0251650905270208,0.0337303256337406,0.0450699843951212,0.0333535843889126,0.0253662912813047,0.0191218907889204,0.0509774636121908,0.0298787018344866,0.0315385848502907,0.0316223353998455,0.0434636459997952,0.0466628554400606,0.0473715761350986,0.0369543674414407,0.0340696046291337,0.028188308856078,0.033631827707679,0.0222743373605588,0.0416362389968411,0.050261660045495,0.0276511911270989,0.0716307420867246,0.0765767167029364,0.0271750197811,0.0305160398609899,0.025953260464994,0.0537103244247805,0.054146301190315,0.0758031659008383,0.0607049352583183,0.0169966922391447,0.05014040487375,0.109585609842233,0.116622107627954,0.037191372064156,0.0475137025867286,0.0688835387078095,0.0548043230100638,0.0936908399610271,0.0267592144971928,0.0522266848736247,0.0374479896143279,0.0239847852670122,0.0398465139124027,0.0378883956885325,0.0329901744198465,0.0487321852692685,0.039580802463567,0.0984017118913617,0.0505998812898045,0.025142564922664,0.0270337955477661,0.0714511928240527,0.043941822378628,0.0345962535167484,0.0710405753108168,0.0325776358890951,0.0582514632630033,0.0203432495140722,0.0560600011895361,0.0423629009696473,0.0286280907006969,0.0165610812557481,0.0295918900970449,0.0681975624073051,0.071720682960075,0.0470041240677069,0.0704825023397265
0.0697505088038024,0.0399557240330881,0.017191555673659,0.0184836521809846,0.0259192599940664,0.0357307506587383,0.0307547946371672,0.0157622805666338,0.047434201263599,0.0290065890458112,0.036037263341924,0.0314851975297031,0.0210764940694096,0.0193964410501272,0.0248052014785115,0.0167058628557452,0.0210939516626654,0.0272769179625207,0.0248769441087985,0.0139341261776953,0.0440509620940228,0.0307442252320519,0.0169308091575307,0.0269278814981861,0.0165728734339865,0.0496574374704295,0.022208405405962,0.0252458591485898,0.0232857442088063,0.0604441120222752,0.0288648510607481,0.0215305028914959,0.0169659706808745,0.0221835766703086,0.0289230424880268,0.0219566695651682,0.0170900933363904,0.0131949242474589,0.0323747827792193,0.0198531881869154,0.0208604246680198,0.0209111246311928,0.0279780145857161,0.0298573353542572,0.0302721603413254,0.0241168670869455,0.0223877370910687,0.0188225539521226,0.0221242732620607,0.0151729789859158,0.0268993213423047,0.0319584221612411,0.0184939904180619,0.0442001436140952,0.0469857743509466,0.018202256951042,0.0202404787347745,0.017451726738909,0.0339599170581382,0.034212155456231,0.0465511314277001,0.0379867723158344,0.0118459978540393,0.0318878422747607,0.0652299478274448,0.0690536370157519,0.0242584080369922,0.0303552856372627,0.0426459067891062,0.0345925351084562,0.0565134109199051,0.0179471537511237,0.0331002354467092,0.0244115759240162,0.016236112317621,0.0258389795169686,0.0246742354162188,0.0217375860928494,0.0310670812230524,0.0256812162293136,0.0591089925105999,0.0321552170333416,0.0169520692044367,0.018115650928427,0.0440987193716917,0.0282596356829518,0.0227043068489977,0.0438666875196667,0.0214886373923859,0.0365790057711794,0.0139643341704939,0.035317331159492,0.0273287303542495,0.0190911807674616,0.0115677901686728,0.0196786741831174,0.0422570027165476,0.0442509415496921,0.0300571511450359,0.0435511493166817
0.0335396071841529,0.0206090011287119,0.00986077551569767,0.0105055990344228,0.0141177987990502,0.0186909586779812,0.0163946820281607,0.00914032081615534,0.0239434820407388,0.0155771174689924,0.0188310327975128,0.0167345125747007,0.0117829203140196,0.010957693675899,0.013585936456046,0.00961683073656263,0.011791450729337,0.0147620890744475,0.0136202763532075,0.00820660451627326,0.0224438589383688,0.0163897570536763,0.00972992206974821,0.0145968439632258,0.00954988047277778,0.0249215608504414,0.0123342087005221,0.013796663001106,0.0128556378530043,0.0295934533148464,0.0155105649661146,0.0120044786416591,0.0097475823041327,0.0123221546508553,0.0155378934852247,0.0122119150284636,0.00980988740467295,0.00782476715036415,0.0171470686324328,0.0111829039067834,0.0116772670278518,0.0117020705404488,0.0150932107688183,0.0159757295198466,0.0161695726263823,0.0132558207105996,0.0124212218015784,0.010673774468634,0.0122933566873711,0.00884090861225048,0.0145833107713988,0.0169541564098075,0.0105107349527297,0.0225102819478733,0.0237455114911078,0.0103656654070807,0.011373355789193,0.0099910913285701,0.0178786897328137,0.0179947093894193,0.0235533991052507,0.0197184934350798,0.00712087581719523,0.016921423386611,0.0316316452396262,0.0332465236187505,0.0133237976438712,0.0162083757956706,0.0218168535742868,0.0181694656381785,0.0279042390301995,0.0102385708991925,0.0174824492571509,0.0133973023362995,0.00938004224403278,0.0140795697945754,0.0135232167392259,0.0121053402205375,0.016540100877539,0.0140044003842551,0.0290212844159844,0.0170453765000861,0.0097406006969059,0.0103225428781918,0.0224651259241021,0.0152259225675343,0.0125746102521647,0.022361771639032,0.0119840728954859,0.0190782394442801,0.00822215343810714,0.0185017888389773,0.0147865959608933,0.0108068059415019,0.00697447882712445,0.01109693338461,0.0216428487624111,0.0225328932609167,0.0160691432624885,0.0222211104275342
0.0127795548376423,0.00857272057024722,0.0046843592553306,0.0049340528223544,0.0062867638788918,0.00791291763704441,0.0071066398068997,0.00440186540869659,0.00969427117709339,0.00681476387498193,0.00796150236652258,0.0072271844304457,0.0054207349442486,0.00510746625277357,0.00609192205173147,0.00458913750600811,0.00542395213145069,0.00652103207827931,0.00610454306411794,0.00402967414516948,0.00919360906985377,0.0071048895319213,0.00463333518678855,0.00646112667302333,0.00456292831311757,0.0100177569108959,0.00562780250772925,0.00616928084797142,0.00582212455910206,0.0115331330787647,0.00679088440169977,0.00550415907924525,0.00464022867597601,0.00562329301160288,0.00680069228235664,0.00558201468267086,0.00466453088836067,0.00387530355593959,0.00737293558425839,0.00519336866420513,0.00538085363860191,0.00539022212349928,0.00664071017078072,0.00695740708154204,0.00702654139109985,0.00597029813991802,0.00566033116476244,0.00499871524557481,0.00561251629209202,0.00428329660426418,0.00645621516282603,0.00730486156327028,0.00493603029825042,0.00921590987948316,0.00962850810648886,0.00488010699838181,0.00526577002501755,0.00473505258700783,0.00762986929378895,0.00767043779191488,0.00956459653715914,0.0082678292315823,0.00358709680963461,0.00729329706637101,0.0121804157685354,0.0126879282815313,0.00599538694319495,0.00704036258954866,0.00898250689597256,0.00773145588351813,0.0109905771937765,0.00483099700079123,0.00749095616564255,0.00602248998806677,0.00449629207115419,0.00627280378226371,0.00606885569616373,0.00554204474627336,0.00715827731987638,0.00624533420634915,0.0113500000528881,0.00733706820543643,0.00463750374721759,0.00486345644754588,0.00920075052354596,0.00668854329285338,0.00571757363745487,0.00916603270754317,0.00549648730289861,0.00804708763883692,0.00403593252432624,0.00784719975655567,0.00652990611016813,0.00504973502013302,0.00352652351689092,0.00516061386629524,0.0089237297045211,0.00922349867802934,0.00699074192671602,0.00911873659875568
0.00376265991033727,0.0028010805398674,0.00179191573217635,0.00186203764690196,0.00222723519481172,0.00264007263525814,0.00243846892123357,0.00171139454933034,0.00306757026980456,0.00236403778765823,0.00265204485113907,0.00246897513414915,0.00199612007335572,0.00191019289794938,0.00217600350573252,0.00176491933510884,0.00199699568945697,0.00228828883957536,0.00217933488987482,0.00160321088304985,0.00294966128428279,0.00243802499002169,0.00177746784517935,0.00227273186785989,0.00175746319441796,0.00314290739415636,0.00205220527462394,0.00219639464377806,0.00210435048434503,0.00348779910880773,0.00235791189214036,0.00201878194548748,0.00177942220908789,0.00205098965447137,0.00236042862530548,0.00203985044831543,0.00178630606663182,0.00155758327544153,0.00250568374509538,0.00193388876614867,0.00198525436160104,0.00198780869930062,0.00231925725040937,0.00240051489500374,0.00241812379830359,0.00214380723011213,0.00206096648088826,0.00188004460350996,0.0020480835549696,0.00167719922011173,0.00227145472174217,0.00248856253662554,0.00186258923601969,0.0029549483170217,0.00305217493577219,0.00184696787448155,0.00195378110542747,0.00180622937413832,0.00256993766592813,0.00258003103977379,0.00303718674288962,0.00272709704230508,0.0014711023524281,0.00248564983797143,0.00363145498587387,0.00374270038280948,0.00215046263566071,0.00242163870514072,0.0028994463822323,0.00259518606377873,0.00336575936014166,0.00183321116835463,0.00253526962987476,0.00215764420993405,0.00173845560308411,0.0022235784407676,0.00216991036082266,0.00202904382695647,0.00245155321465034,0.00221637676359118,0.003446777013923,0.00249666795083808,0.00177864975874887,0.00184230778119254,0.00295135473000031,0.0023315939422499,0.0020763522516171,0.00294311890545612,0.00201670169382962,0.00267308849017143,0.00160505096515936,0.00262384791965291,0.00229059018058465,0.00189420954571696,0.00145269947556229,0.00192486562367131,0.00288541047912472,0.00295674669341656,0.00240901114033063,0.00293188612855385
0.000834776119779716,0.000700227470316394,0.000536658819208377,0.000549068537758841,0.000610867165683672,0.000675970587567682,0.000644736466333269,0.000522163757337907,0.00073917069398337,0.000632942851597709,0.000677794503548344,0.000649528011193765,0.000572283212511257,0.000557481475476693,0.000602459550419393,0.000531828976305022,0.000572432703681321,0.000620785177729332,0.000603008679711905,0.00050224696005573,0.000722116251147569,0.000644666560622225,0.000534077681173899,0.00061826825364292,0.000530489765899146,0.00074992884132012,0.000581805603640976,0.000605815423692826,0.000590565045323402,0.000797903949643973,0.000631965561617305,0.000576143708911972,0.000534427326365404,0.000581600334812591,0.000632367190820995,0.000579717078876777,0.000535657646751449,0.000493684542563396,0.00065526212587674,0.000561589729300441,0.000570425931869297,0.000570862914770586,0.000625774972325363,0.000638741127956218,0.000641527417499846,0.000597134833700138,0.000583283563453886,0.00055222461824268,0.000581109413210565,0.000515924869111463,0.000618061318298747,0.000652591944124294,0.000549165397600415,0.000722886809674002,0.000736959143270224,0.000546417757777017,0.000565022853375417,0.00053920768705559,0.000665217857591621,0.000666772566933048,0.000734801740148938,0.000689153409573162,0.000477172022501742,0.000652136948185367,0.000817316144126141,0.000832136094544845,0.000598238162191717,0.000642082603995151,0.000714769621589071,0.000669102323906621,0.000781157230323429,0.000543990299095729,0.000659858938594431,0.000599427170546328,0.000527065342186002,0.000610269667331752,0.000601454305317279,0.000577886072460992,0.000646794540079113,0.000609091780018875,0.000792301597219604,0.000653856967721924,0.00053428914982132,0.00054559627615754,0.000722363123136905,0.000627755211750712,0.00058587291003831,0.000721161958466,0.000575790066942727,0.000680992361235555,0.00050259018519107,0.000673493473791626,0.000621156917610594,0.000554698725396677,0.000473608023908374,0.000560027761992569,0.000712706934948278,0.000723148786902232,0.000640086533008379,0.000719521505510491
0.000136086549264203,0.000130442985047874,0.00012234248454249,0.000123018336087111,0.000126221185119281,0.000129339431785592,0.00012787328100401,0.000121537872757806,0.000132155483212254,0.000127305646708034,0.000129423445631513,0.000128101650956275,0.00012425211841804,0.000123469950635019,0.000125800336046356,0.000122076235643766,0.000124259939240309,0.000126712023278002,0.000125827958704831,0.000120404179847113,0.000131414167618409,0.000127869939705848,0.000122200424605184,0.000126588028597866,0.000122002085751365,0.000132616460969379,0.000124747228081997,0.000125968847926875,0.000125197266723886,0.000134613077036623,0.000127258249977388,0.000124453590192274,0.000122219698749249,0.000124736620380373,0.000127277734969209,0.000124639166266391,0.000122287443993777,0.000119906285926743,0.000128373270100664,0.000123688608029103,0.00012415482285269,0.000124177736260453,0.000126956718617591,0.000127585715548304,0.000127719613157929,0.000125531492639219,0.0001248235210468,0.000123188369101703,0.000124711239436729,0.000121186330198435,0.000126577817024445,0.000128247011721292,0.000123023565405682,0.000131447947025979,0.00013206008984245,0.000122874951874776,0.000123870403071815,0.000122482260390808,0.00012884060760997,0.000128913108001947,0.000131966822486373,0.000129942836849887,0.000118927291431991,0.00012822545835345,0.0001353951129331,0.000135982709834496,0.000125587348395457,0.000127746240376796,0.000131090727440658,0.000129021511179597,0.000133926732898757,0.000122743183548491,0.000128589716538399,0.000125647454210596,0.000121811832739106,0.000126191422538585,0.00012574972000275,0.000124544185283659,0.000127971528203775,0.000126132684791353,0.000134384698822786,0.000128306876592636,0.000122212082930032,0.000122830409694581,0.000131424992861962,0.000127053417493027,0.000124956831319834,0.000131372295810068,0.00012443517701534,0.000129570333188994,0.000120424003234048,0.000129225054155416,0.000126730304452673,0.000123321145980821,0.00011871262412918,0.000123605617499622,0.00013099946282038,0.000131459425243666,0.000127650425411609,0.000131300218736333
